price,space,room,bedroom,furniture,latitude,longitude,city_area,floor,max_floor,apartment_type,renovation_type,balcony
107100,28,1,1,0,41.7245209,44.7537885,Saburtalo District,11,11,new,newly renovated,1
257000,72,3,1,1,41.6895023,44.8200504,Isani District,15,16,new,newly renovated,0
157200,53,2,1,0,41.6770838,44.8172216,Krtsanisi District,2,4,new,white frame,1
237200,80,3,2,0,41.6828831,44.8238154,Krtsanisi District,3,4,new,white frame,1
158200,60,2,1,0,41.7687623,44.72412323,Saburtalo District,14,16,old,newly renovated,0
184500,74,2,1,0,41.6828831,44.8238154,Krtsanisi District,7,12,new,white frame,1
150300,57,2,1,0,41.7307343,44.7439254,Saburtalo District,1,6,new,white frame,1
125200,50,2,1,0,41.7245209,44.7537885,Saburtalo District,3,12,new,white frame,1
159500,96.1,3,1,0,41.78572775,44.76271173,Saburtalo District,2,8,new,black frame,1
429600,76.7,3,2,0,41.7914713,44.67241249,Saburtalo District,5,11,new,black frame,1
230700,100,2,1,0,41.74850381,44.84168645,Other,5,12,construction,white frame,1
375600,90,3,2,1,41.725054,44.7545015,Saburtalo District,2,15,new,newly renovated,0
132600,74.9,3,2,0,41.7903068,44.7593516,Saburtalo District,3,8,new,black frame,1
194400,74,4,2,0,41.78797452,44.76221799,Saburtalo District,1,17,new,newly renovated,1
250300,82.1,3,2,1,41.7260323,44.7995087,Nadzaladevi District,20,24,new,newly renovated,1
148300,50,2,1,0,41.7245209,44.7537885,Saburtalo District,2,7,new,newly renovated,1
112700,52.6,2,1,0,41.6828831,44.8238154,Krtsanisi District,11,15,new,black frame,1
350500,145.7,4,3,0,41.6866598,44.8379845,Isani District,11,17,new,white frame,0
229800,85,3,2,0,41.7335333,44.798583,Nadzaladevi District,2,10,new,newly renovated,1
85700,65,3,2,0,41.68692918,44.88455262,Samgori District,4,12,construct,white frame,1
154900,32,1,1,1,41.707003,44.7749574,Vake District,2,7,new,newly renovated,1
83700,43,2,1,0,41.77941919,44.81485642,Nadzaladevi District,8,10,new,green frame,1
263600,62.3,2,1,1,41.7245209,44.7537885,Saburtalo District,18,23,new,newly renovated,1
224100,60,3,2,1,41.7211627,44.7805689,Saburtalo District,9,24,new,newly renovated,1
80700,42,2,1,0,41.77937584,44.81486856,Nadzaladevi District,8,10,new,green frame,0
117000,52,2,1,0,41.7850018,44.7553366,Saburtalo District,2,5,new,newly renovated,1
461300,80,3,2,1,41.7037033,44.7724816,Vake District,5,8,new,newly renovated,1
154900,95,3,2,0,41.6755322,44.8389753,Isani District,2,9,new,black frame,1
247100,70,3,2,1,41.7245209,44.7537885,Saburtalo District,10,16,new,newly renovated,1
247100,70,3,2,1,41.7245209,44.7537885,Saburtalo District,10,16,new,newly renovated,1
224100,103,5,3,1,41.7341813,44.72803694,Vake District,6,9,old,newly renovated,1
214200,110,4,3,1,41.7206004,44.7232035,Saburtalo District,3,5,old,newly renovated,1
494300,97,3,2,1,41.7103479,44.782901,Mtatsminda District,2,14,new,newly renovated,1
154900,54,2,1,1,41.707666,44.7839348,Mtatsminda District,1,3,old,newly renovated,1
220800,64,3,2,0,41.7206004,44.7232035,Saburtalo District,6,23,new,newly renovated,1
145000,80,2,1,0,41.76527583,44.77550609,Didube District,3,8,old,old renovation,1
421800,187,5,4,1,41.7874621,44.749969,Saburtalo District,9,10,new,newly renovated,1
477800,168,5,3,1,41.7013668,44.7687247,Vake District,8,14,new,newly renovated,1
593100,180,4,3,1,41.7223038,44.78088,Saburtalo District,10,13,new,newly renovated,1
191100,57,2,1,1,41.7245209,44.7537885,Saburtalo District,6,22,new,newly renovated,1
217500,65,2,1,0,41.7245209,44.7537885,Saburtalo District,6,21,new,newly renovated,1
230700,110,8,3,0,41.79365695,44.82164764,Gldani District,6,9,old,old renovation,1
889700,170,5,3,0,41.6922643,44.7968981,Mtatsminda District,1,3,old,old renovation,0
411900,133,3,2,1,41.720015,44.7407348,Saburtalo District,8,9,new,newly renovated,1
724900,200,6,4,1,41.7098004,44.7848337,Mtatsminda District,8,8,old,newly renovated,1
392100,120,3,2,1,41.7103615,44.7284963,Vake District,2,10,new,newly renovated,1
362500,94,3,2,1,41.7141725,44.7596077,Vake District,8,12,old,newly renovated,1
382200,97,3,2,0,41.7098352,44.7730487,Vake District,14,23,new,black frame,1
247100,70,3,2,1,41.73743146,42.83237285,Other,5,13,new,newly renovated,1
346000,68,2,1,1,41.725054,44.7545015,Saburtalo District,15,20,new,newly renovated,1
362500,130,4,3,1,41.7211627,44.7805689,Saburtalo District,10,14,new,newly renovated,1
230700,106,4,3,0,41.7080349,44.8590477,Samgori District,12,13,new,newly renovated,1
395400,115,3,2,1,41.7260891,44.7744363,Saburtalo District,9,14,new,newly renovated,1
270200,120,4,2,0,41.7245209,44.7537885,Saburtalo District,8,8,old,old renovation,1
293300,81,3,2,0.5,41.73895575,44.78084934,Didube District,10,10,new,newly renovated,1
237200,70,3,2,0,41.7245209,44.7537885,Saburtalo District,12,16,new,newly renovated,1
492900,209.2,4,3,0,41.6864362,44.82367,Isani District,4,21,new,white frame,0
350500,145.7,4,3,0,41.69230965,44.82154107,Isani District,5,17,new,white frame,0
328400,138.4,3,2,0,41.6866598,44.8379845,Isani District,9,17,new,white frame,0
248800,96,3,2,0,41.71920302,44.76626035,Saburtalo District,4,9,new,white frame,1
247100,100,4,3,0,41.6866598,44.8379845,Isani District,4,4,old,old renovation,1
411900,98.5,4,3,1,41.68289664,44.82326825,Krtsanisi District,8,10,new,newly renovated,1
266200,113,3,3,0,41.69230965,44.82154107,Isani District,5,17,new,white frame,0
131800,62,2,1,1,41.7341813,44.72803694,Vake District,1,9,old,newly renovated,0
224100,61,2,1,0,41.7260891,44.7744363,Saburtalo District,5,23,new,white frame,1
168100,73,3,2,0,41.7260323,44.7995087,Nadzaladevi District,6,11,new,green frame,1
228900,96.5,3,2,0,41.6866598,44.8379845,Isani District,10,17,new,white frame,0
256900,106.8,3,3,0,41.6835977,44.835621,Isani District,4,17,new,white frame,0
181200,55,3,2,1,41.73113736,44.76761745,Saburtalo District,3,5,old,old renovation,1
362500,116,3,2,1,41.7210455,44.7405122,Saburtalo District,2,8,new,newly renovated,1
329500,65,3,2,1,41.7128448,44.7605542,Vake District,4,18,new,newly renovated,1
257000,80,3,2,1,41.7267227,44.786055,Didube District,10,12,new,newly renovated,1
138400,60,2,1,0,41.7800855,44.7796584,Didube District,2,5,new,newly renovated,0
510700,170,5,3,1,41.716068,44.7854635,Saburtalo District,12,20,new,newly renovated,1
121900,105,2,1,1,41.77670059,44.80865797,Nadzaladevi District,7,8,old,old renovation,1
280100,69,2,1,0,41.7249652,44.7765248,Saburtalo District,5,22,new,newly renovated,1
110700,65,2,1,0,41.6921919,44.83716386,Isani District,6,9,old,old renovation,0
299900,91,4,3,0,41.707897,44.73169445,Vake District,3,6,new,black frame,1
313000,118,4,2,1,41.71714067,44.7710841,Saburtalo District,2,12,old,newly renovated,1
280100,80,3,2,1,41.73084372,44.73794593,Saburtalo District,9,11,new,newly renovated,1
303100,102,3,2,0,41.70373783,44.76756599,Vake District,6,8,new,green frame,1
271800,75,2,1,1,41.7103615,44.7284963,Vake District,12,16,new,newly renovated,1
263600,61,3,2,1,41.71114765,44.79478226,Chugureti District,3,7,new,newly renovated,0
258700,70,2,1,0.5,41.7077917,44.7645692,Vake District,6,8,new,newly renovated,1
240500,53,2,1,1,41.722811,44.7509454,Saburtalo District,6,12,new,newly renovated,1
258700,80,2,1,1,41.7103615,44.7284963,Vake District,6,9,new,newly renovated,1
181200,65,2,1,0,41.7172959,44.7752025,Saburtalo District,6,8,old,newly renovated,0
102100,45,2,1,1,41.7022129,44.7856469,Mtatsminda District,1,2,old,newly renovated,0
214200,74,3,2,1,41.7093734,44.7698209,Vake District,2,11,new,newly renovated,0
184500,52,3,2,1,41.73188365,44.8368763,Other,11,12,new,newly renovated,1
296600,87,3,2,0,41.6828831,44.8238154,Krtsanisi District,5,12,new,newly renovated,1
280100,72,2,1,0,41.7245209,44.7537885,Saburtalo District,4,16,new,green frame,1
7.25E+05,20000,6,4,0,41.7081011,44.7696196,Vake District,12,17,new,white frame,1
428400,60,2,1,1,41.7245209,44.7537885,Saburtalo District,4,23,new,newly renovated,1
191100,87,3,2,1,41.7206103,44.7106871,Saburtalo District,8,9,new,newly renovated,1
131800,88,3,2,0,41.8068798,44.8300802,Gldani District,2,3,new,under renovation,1
153200,70,2,1,0,41.7282988,44.733134,Vake District,10,10,new,newly renovated,0
98900,34,2,1,0,41.72447122,44.79229276,Chugureti District,10,12,old,newly renovated,0
181200,53,2,1,1,41.7245209,44.7537885,Saburtalo District,2,16,new,newly renovated,1
214200,76,3,2,0,41.73188365,44.8368763,Other,5,11,new,newly renovated,1
158200,51,2,1,0,41.7206004,44.7232035,Saburtalo District,6,23,new,newly renovated,0
230700,53,2,1,0,41.7240689,44.7299815,Saburtalo District,14,17,new,newly renovated,1
339400,107,4,2,0,41.73188365,44.8368763,Other,10,17,new,newly renovated,1
527200,128,4,2,0,41.6905169,44.7980186,Mtatsminda District,2,4,old,newly renovated,1
237200,70,3,2,1,41.7245209,44.7537885,Saburtalo District,6,16,new,newly renovated,1
385500,97.82,3,2,1,41.77159297,44.77747472,Didube District,9,17,new,newly renovated,1
329200,111,4,2,0,41.6914756,44.8049127,Krtsanisi District,2,3,old,not renovated,1
169700,77,2,1,0,41.7264095,44.7228375,Saburtalo District,3,16,old,old renovation,0
80700,31,2,1,0,41.688172,44.8311761,Isani District,1,2,old,newly renovated,0
247100,60,3,2,0,41.73188365,44.8368763,Other,9,12,new,newly renovated,1
181200,69,2,1,0,41.7679459,44.7677435,Saburtalo District,5,9,new,newly renovated,0
270200,87,3,2,1,41.725054,44.7545015,Saburtalo District,3,15,new,newly renovated,1
80700,45,2,1,0,41.7013668,44.7687247,Vake District,1,16,new,newly renovated,0
197700,40,2,1,1,41.7040297,44.7902278,Mtatsminda District,1,1,old,newly renovated,0
181200,55,3,2,0,41.7024835,44.8069652,Chugureti District,3,3,old,old renovation,0
191100,60,2,1,0.5,41.7704323,44.7748777,Didube District,11,15,new,newly renovated,0
46100,35,1,1,0,41.6883908,44.88360556,Samgori District,4,12,construction,white frame,1
214200,85,2,1,0,41.7704323,44.7748777,Didube District,7,7,new,newly renovated,0
95600,42,2,1,0,41.7054409,44.8072665,Chugureti District,1,2,old,old renovation,0
115300,60,3,2,0,41.6988174,44.8818285,Samgori District,6,9,old,old renovation,0
52700,40,2,1,0.5,41.6883908,44.88360556,Samgori District,4,12,Construction,white frame,1
355900,120,4,3,0,41.6755919,44.830976,Krtsanisi District,1,16,new,newly renovated,1
98900,75,3,2,0,41.6883908,44.88360556,Samgori District,4,12,construction,white frame,1
319600,88,3,2,1,41.725054,44.7545015,Saburtalo District,8,12,new,newly renovated,1
237200,70,3,2,0,41.7260891,44.7744363,Saburtalo District,11,22,new,white frame,0
347600,144.5,4,3,0,41.6866598,44.8379845,Isani District,11,17,new,white frame,0
118600,90,3,2,0,41.6883908,44.88360556,Samgori District,4,12,construction,white frame,0
189500,64,3,2,0,41.6894847,44.7924223,Mtatsminda District,1,1,old,old renovation,0
197700,60,3,2,0,41.7245209,44.7537885,Saburtalo District,3,5,new,newly renovated,1
194400,100,3,2,1,41.8040628,44.815517,Gldani District,6,9,new,newly renovated,1
988500,290,5,3,1,41.7687623,44.72412323,Saburtalo District,13,14,new,newly renovated,1
181200,90,4,3,0,41.8040628,44.815517,Gldani District,4,9,new,black frame,1
823100,218,6,3,0,41.7687623,44.72412323,Saburtalo District,11,18,new,newly renovated,1
158200,98,2,0,1,41.76657065,44.77654365,Saburtalo District,11,11,new,newly renovated,1
168100,72,3,2,0,41.7051656,44.8721895,Samgori District,2,9,new,newly renovated,1
84000,37,2,1,0,41.7938348,44.8219687,Gldani District,6,9,new,newly renovated,1
46100,35,1,1,0,41.68724966,44.8839518,Samgori District,4,12,construction,white frame,1
220800,66,2,1,1,41.7266037,44.729069,Saburtalo District,5,10,new,newly renovated,1
115300,43,2,1,1,41.6887569,44.8909178,Samgori District,2,9,new,newly renovated,1
263600,80,4,4,1,41.79720443,44.76749671,Saburtalo District,1,1,new,newly renovated,0
138400,75,3,2,0,41.7335333,44.798583,Nadzaladevi District,1,8,old,old renovation,1
158200,120,4,3,0,41.6883908,44.88360556,Samgori District,4,12,Constructor,white frame,1
97700,38.89,2,1,1,41.7903068,44.7593516,Saburtalo District,6,10,new,newly renovated,0
65900,50,2,1,0,41.68686508,44.88378014,Samgori District,4,12,construction,white frame,1
176000,67,3,2,1,41.7903068,44.7593516,Saburtalo District,6,10,new,newly renovated,1
176300,88,3,2,0,41.7245209,44.7537885,Saburtalo District,3,4,new,white frame,1
288300,110,3,2,0,41.7260891,44.7744363,Saburtalo District,3,14,new,newly renovated,0
85700,65,2,1,0,41.6883908,44.88360556,Samgori District,4,12,construction,white frame,1
240500,70,3,2,0,41.7224121,44.7720785,Saburtalo District,9,11,new,newly renovated,0
131800,74,3,2,0,41.69060443,44.86436604,Isani District,3,9,old,old renovation,1
214200,54,3,2,1,41.73188365,44.8368763,Other,3,7,new,newly renovated,1
378900,110,3,2,1,41.727041,44.7502019,Saburtalo District,5,12,new,newly renovated,0
362500,98,4,3,0,41.7206103,44.7106871,Saburtalo District,9,13,new,newly renovated,1
346000,80,3,2,1,41.7103615,44.7284963,Vake District,10,13,new,newly renovated,0
188500,105,3,2,0,41.7954972,44.8190233,Gldani District,9,19,new,green frame,1
258700,106.8,3,2,0.5,41.6866598,44.8379845,Isani District,6,17,new,white frame,0
326100,138.4,3,2,0,41.6864362,44.82367,Isani District,5,17,new,white frame,0
258700,106.8,3,2,0,41.6864362,44.82367,Isani District,3,17,new,white frame,0
389800,164.3,4,3,0,41.6864362,44.82367,Isani District,6,17,new,white frame,0
346000,106.8,4,3,1,41.6864362,44.82367,Isani District,8,21,new,newly renovated,0
97200,52,3,2,0,41.6860511,44.8779507,Samgori District,9,9,old,old renovation,1
492900,209.2,5,0,0,41.6866598,44.8379845,Isani District,12,17,new,white frame,0
266200,113,3,3,0,41.6864362,44.82367,Isani District,4,17,new,white frame,0
171300,58,2,1,1,41.7641407,44.7776143,Didube District,3,12,new,newly renovated,0
164800,30,1,1,0,41.7172959,44.7752025,Saburtalo District,5,8,old,newly renovated,0
339400,130.14,4,3,0,41.7314132,44.7782974,Didube District,9,11,new,newly renovated,1
125200,63,2,1,0,41.7874621,44.749969,Saburtalo District,4,5,new,newly renovated,1
77400,25,1,1,1,41.6728267,44.8838567,Samgori District,4,4,old,old renovation,1
100500,44,2,1,0,41.7034618,44.8498781,Isani District,2,15,new,under renovation,1
126900,38,1,1,0,41.743993,44.77232657,Didube District,2,8,old,newly renovated,0
237200,64,3,2,1,41.725092,44.7739729,Saburtalo District,12,18,new,newly renovated,1
201000,72,3,2,0,41.7903068,44.7593516,Saburtalo District,11,15,new,newly renovated,1
593100,151,3,2,1,41.725054,44.7545015,Saburtalo District,20,21,new,newly renovated,1
98900,40,2,1,1,41.6988174,44.8818285,Samgori District,3,5,old,newly renovated,1
93900,42,2,1,0,41.73188365,44.8368763,Other,2,3,old,newly renovated,1
131500,61.4,2,1,0,41.6828831,44.8238154,Krtsanisi District,11,15,new,black frame,1
191400,74,3,2,0,41.6828831,44.8238154,Krtsanisi District,12,15,new,newly renovated,1
97200,47,1,1,0,41.7954972,44.8190233,Gldani District,5,16,old,newly renovated,0
181200,76,3,2,1,41.7918749,44.7553665,Saburtalo District,10,10,new,newly renovated,1
94900,56,2,1,0,41.7903068,44.7593516,Saburtalo District,15,16,new,black frame,1
296600,65,2,1,0,41.7081011,44.7696196,Vake District,4,5,old,newly renovated,1
250400,92,3,2,1,41.7206103,44.7106871,Saburtalo District,5,5,new,newly renovated,1
220800,65,3,2,0,41.73188365,44.8368763,Other,12,12,old,newly renovated,1
154900,55,2,1,1,41.7206103,44.7106871,Saburtalo District,9,13,new,newly renovated,1
120300,51,2,1,0,41.7058381,44.8528927,Isani District,12,14,new,newly renovated,1
296600,104,3,2,1,41.7081011,44.7696196,Vake District,6,6,old,old renovation,0
181200,57,2,1,1,41.6964053,44.7938526,Mtatsminda District,2,3,old,newly renovated,0
224100,85,3,2,1,41.6890885,44.836671,Isani District,2,5,old,newly renovated,1
197700,67,3,2,0,41.7224121,44.7720785,Saburtalo District,5,18,new,white frame,1
138400,40,2,1,0,41.7245209,44.7537885,Saburtalo District,8,14,new,newly renovated,1
214200,60,3,2,1,41.7224121,44.7720785,Saburtalo District,10,12,new,newly renovated,1
148300,75,3,2,0,41.72981255,44.73330339,Vake District,4,16,old,not renovated,0
108700,42,2,1,1,41.6883397,44.8325599,Isani District,23,23,new,newly renovated,1
210900,70,3,2,0,41.7224121,44.7720785,Saburtalo District,9,14,new,newly renovated,1
296600,100,5,3,0,41.7052106,44.7904878,Mtatsminda District,3,3,old,old renovation,0
240500,87,2,1,0,41.7279282,44.7680255,Saburtalo District,5,5,old,old renovation,1
280100,110,5,3,0,41.7927141,44.7611428,Saburtalo District,14,14,old,old renovation,1
444800,100,4,2,1,41.688653,44.8336218,Isani District,10,12,new,newly renovated,1
263600,100,3,2,1,41.7093734,44.7698209,Vake District,3,4,old,old renovation,1
214200,87,3,2,0,41.7259992,44.7860003,Didube District,1,5,old,old renovation,0
1285100,226,5,4,1,41.6894847,44.7924223,Mtatsminda District,4,7,new,newly renovated,1
201000,55,2,2,0,41.727196,44.7281978,Saburtalo District,5,9,new,newly renovated,1
355900,98,3,2,1,41.7224121,44.7720785,Saburtalo District,5,14,new,newly renovated,1
194400,55,3,2,0,41.7224121,44.7720785,Saburtalo District,9,18,new,newly renovated,1
329500,118,3,2,0,41.72218898,44.7677856,Other,9,12,new,newly renovated,1
197700,64,3,2,1,41.7245209,44.7537885,Saburtalo District,2,14,new,newly renovated,1
118600,48,2,1,1,41.7903068,44.7593516,Saburtalo District,5,12,new,newly renovated,1
194400,60,2,1,1,41.7307343,44.7439254,Saburtalo District,4,10,new,newly renovated,1
118600,80,3,2,0,41.79816197,44.82049282,Gldani District,1,9,old,not renovated,0
184500,55,3,2,0,41.7595839,44.77448547,Didube District,21,22,new,newly renovated,0
98900,45,3,2,1,41.73188365,44.8368763,Other,1,5,old,newly renovated,0
4.28E+05,113,4,3,0,41.725054,44.7545015,Saburtalo District,11,14,new,newly renovated,1
2.41E+05,90,3,2,0,41.7341813,44.72803694,Vake District,12,15,new,newly renovated,1
187800,68,3,2,1,41.7954972,44.8190233,Gldani District,7,10,new,newly renovated,1
8.23E+05,238,6,4,1,41.7210455,44.7405122,Saburtalo District,6,6,new,newly renovated,1
140000,50,2,1,0,41.7206004,44.7232035,Saburtalo District,5,9,new,green frame,1
95500,71,4,3,0,41.6640361,44.9150779,Samgori District,3,3,old,old renovation,1
181200,70,4,3,0,41.79739864,44.82325158,Gldani District,6,9,old,newly renovated,1
362500,110,4,3,1,41.718769,44.7069129,Saburtalo District,12,14,new,newly renovated,1
553600,76,3,2,1,41.6905169,44.7980186,Mtatsminda District,2,2,old,newly renovated,1
605000,107,3,2,0,41.722811,44.7509454,Saburtalo District,7,10,new,newly renovated,0
444800,122,4,3,0,41.7098352,44.7730487,Vake District,4,12,new,newly renovated,1
214200,117,4,3,1,41.7954972,44.8190233,Gldani District,7,9,old,newly renovated,1
65900,68,2,1,0,41.7554926,44.766335,Saburtalo District,5,10,new,newly renovated,1
242200,86.3,3,2,0,41.7331648,44.7411031,Saburtalo District,12,13,new,green frame,1
444800,155,4,3,0,41.7206103,44.7106871,Saburtalo District,5,15,new,green frame,0
184500,62.4,3,2,0,41.7394206,44.75660209,Saburtalo District,3,5,new,newly renovated,1
560200,171,4,3,1,41.7117382,44.7928453,Chugureti District,5,7,new,newly renovated,0
156500,55.6,3,2,0,41.7335333,44.798583,Nadzaladevi District,12,17,new,newly renovated,1
247100,90,3,2,1,41.71830105,44.82281752,Chugureti District,2,2,old,newly renovated,0
157500,60,2,1,0,41.725203,44.7425619,Saburtalo District,7,8,old,old renovation,0
263600,58,2,1,1,41.7091395,44.7616907,Vake District,4,6,old,newly renovated,1
346000,70,3,2,1,41.71618948,44.71960587,Saburtalo District,2,18,new,newly renovated,0
544000,127,3,2,1,,,Other,2,9,old,newly renovated,1
133500,42,2,1,1,41.72056688,44.76056785,Saburtalo District,10,14,old,newly renovated,1
214200,55,2,1,1,41.7078907,44.7957079,Chugureti District,1,4,old,newly renovated,0
346000,81,3,2,1,41.6710145,44.8418127,Krtsanisi District,6,15,new,newly renovated,1
230700,111,4,3,1,41.79211049,44.76076299,Saburtalo District,12,14,old,newly renovated,0
257000,114.5,4,3,0,41.74160681,44.77372596,Didube District,8,9,old,not renovated,1
396500,57.3,2,1,0,41.71205676,44.75406207,Vake District,12,30,new,white frame,1
253700,86,3,2,0,41.7226882,44.73016114,Saburtalo District,14,15,new,newly renovated,1
286700,97,3,2,1,41.7658639,44.7905256,Nadzaladevi District,17,17,new,newly renovated,1
250400,80,4,3,1,41.67295765,44.83481203,Krtsanisi District,16,17,new,newly renovated,1
631700,142,4,3,0,41.72301095,44.75725055,Saburtalo District,11,20,new,newly renovated,1
440900,78,3,2,1,41.6964053,44.7938526,Mtatsminda District,2,3,old,newly renovated,1
312700,73.1,2,1,1,41.7093734,44.7698209,Vake District,8,22,new,newly renovated,1
329500,110,4,2,0,41.7704323,44.7748777,Didube District,1,4,new,newly renovated,1
163400,62,2,1,0,41.72142243,44.73851275,Saburtalo District,10,31,new,white frame,0
155500,59,2,1,0,41.72142243,44.73851275,Saburtalo District,11,31,new,white frame,1
207600,107.5,3,2,0,41.75811918,44.77455326,Didube District,15,17,Constructor,white frame,1
272300,87,3,2,0,41.7260891,44.7744363,Saburtalo District,12,22,new,white frame,0
151600,55,2,2,1,41.69775426,44.96349027,Other,3,5,old,not renovated,1
369100,140,3,2,0,41.7022129,44.7856469,Mtatsminda District,10,10,new,black frame,1
112000,30,2,0,0,41.70843486,44.78413128,Other,1,2,old,old renovation,0
449800,130,4,3,0,41.7228156,44.74524346,Vake District,4,8,old,newly renovated,1
324400,107,3,2,1,41.72217411,44.76684709,Other,4,12,new,newly renovated,1
115300,48,2,1,0,41.78806404,44.75004375,Saburtalo District,11,11,new,newly renovated,1
283400,72,2,1,0,41.71462354,44.79939769,Chugureti District,2,5,new,newly renovated,1
510700,200,5,3,1,41.72770362,44.79251792,Didube District,4,11,new,newly renovated,1
262000,100,4,3,1,41.74378909,44.79292447,Other,3,5,old,newly renovated,1
494300,110,3,2,1,41.70991342,44.78790709,Mtatsminda District,7,18,new,newly renovated,0
113700,42,2,1,0,41.79346875,44.82274575,Gldani District,3,17,new,newly renovated,1
148300,54.5,2,1,0,41.80050295,44.83089941,Gldani District,13,17,new,newly renovated,1
214200,102,3,2,0,41.76787168,44.77292505,Didube District,3,4,old,newly renovated,1
207600,72,3,2,1,41.7364242,44.7822534,Didube District,4,5,old,newly renovated,1
329200,108,5,4,0,41.72180481,44.78101363,Saburtalo District,15,16,new,white frame,1
126900,80,3,2,1,41.78118105,44.81922335,Nadzaladevi District,1,8,old,old renovation,0
295700,97,3,2,0,41.72146877,44.78114877,Saburtalo District,14,15,new,white frame,1
202600,58,2,1,0,41.72146675,44.78114793,Saburtalo District,9,15,new,newly renovated,1
157100,52,2,1,0,41.72177954,44.78101668,Saburtalo District,12,15,new,white frame,1
149100,58,2,1,0,41.72164434,44.78087001,Saburtalo District,2,15,new,white frame,1
141700,65,3,2,0,41.7271321,44.7880765,Didube District,3,3,old,newly renovated,0
82400,57,2,1,0,41.7677108,44.7876522,Nadzaladevi District,1,8,old,not renovated,0
234000,120,5,4,0,41.79553228,44.75799029,Saburtalo District,8,9,old,newly renovated,1
125200,40,2,1,0,41.7554926,44.766335,Saburtalo District,9,12,new,newly renovated,1
164800,96,4,3,0,41.7856281,44.8219953,Gldani District,4,8,old,newly renovated,1
202000,58,2,1,1,41.707897,44.73169445,Vake District,12,16,new,newly renovated,1
164800,65,2,1,1,41.6880141,44.8118123,Krtsanisi District,1,3,old,old renovation,0
210900,67,3,2,1,41.677494,44.846858,Isani District,6,12,new,newly renovated,1
112000,48,2,1,0,41.7903068,44.7593516,Saburtalo District,2,5,new,newly renovated,1
280100,19500,3,2,1,41.688671,44.8106334,Krtsanisi District,2,2,old,old renovation,0
659300,234,6,3,0,41.7309687,44.7564179,Saburtalo District,8,8,new,white frame,1
108700,50,1,0,1,41.80256982,44.82683327,Gldani District,5,9,old,newly renovated,1
214200,82,3,2,1,41.7034618,44.8498781,Isani District,5,13,new,newly renovated,1
510700,146,3,2,1,41.7093734,44.7698209,Vake District,0,6,old,newly renovated,1
273500,85,4,2,1,41.72307002,44.7194444,Saburtalo District,3,5,new,newly renovated,1
6287100,53,3,2,1,41.7942186,44.7589047,Saburtalo District,10,11,new,newly renovated,1
593100,200,5,3,1,41.73188365,44.8368763,Other,15,15,new,newly renovated,0
231300,54,2,1,1,41.72500677,44.763974,Saburtalo District,6,11,new,newly renovated,1
154900,45,2,1,1,41.71669582,44.76435987,Saburtalo District,12,14,new,newly renovated,1
220800,100,4,3,0,41.7260323,44.7995087,Nadzaladevi District,8,9,old,old renovation,1
125200,60,2,1,0,41.74999397,44.80920451,Didube District,8,8,old,old renovation,1
286700,74,2,1,1,41.69956693,44.79657133,Mtatsminda District,2,2,old,newly renovated,1
181200,63,2,1,1,41.707897,44.73169445,Vake District,10,11,new,white frame,1
178000,84,4,3,0,41.7659669,44.7925615,Nadzaladevi District,15,16,new,black frame,1
395400,95,3,2,0,41.7093734,44.7698209,Vake District,5,12,new,newly renovated,1
250400,81,4,3,0,41.7704323,44.7748777,Didube District,5,15,new,newly renovated,1
267500,107,4,0,0,41.7659669,44.7925615,Nadzaladevi District,7,10,new,newly renovated,1
130000,66,3,2,0,41.7659669,44.7925615,Nadzaladevi District,2,16,new,black frame,1
219100,70,3,2,0,41.70205225,44.77888962,Mtatsminda District,3,6,new,white frame,1
126000,61.79,3,2,0,41.7659669,44.7925615,Nadzaladevi District,3,10,new,black frame,0
180000,88,4,0,0,41.7659669,44.7925615,Nadzaladevi District,5,16,new,black frame,1
221000,10800,4,3,0,41.7659669,44.7925615,Nadzaladevi District,13,16,new,black frame,1
227800,112,4,2,0,41.7659669,44.7925615,Nadzaladevi District,2,16,new,black frame,1
148300,70,3,2,0,41.7261425,44.792904,Didube District,1,3,old,newly renovated,1
395400,81,2,1,0,41.7091395,44.7616907,Vake District,7,10,new,newly renovated,1
191100,72,3,2,1,41.725054,44.7545015,Saburtalo District,5,5,old,newly renovated,1
270200,63,2,1,0,41.7065248,44.7824697,Mtatsminda District,2,2,old,newly renovated,1
78900,42,2,1,0,41.7613081,44.78973012,Nadzaladevi District,5,9,construct,white frame,1
1054400,130,3,2,1,41.7394206,44.75660209,Saburtalo District,5,5,new,newly renovated,1
181200,87,4,2,0,41.7261425,44.792904,Didube District,5,5,old,not renovated,0
138400,53,3,2,1,41.79257622,44.73969025,Saburtalo District,8,14,new,newly renovated,1
130200,54,2,1,0,41.7679459,44.7677435,Saburtalo District,5,12,new,newly renovated,1
158200,69,2,1,0,41.7364242,44.7822534,Didube District,6,8,old,old renovation,0
306400,93,3,2,1,41.7063438,44.7747358,Vake District,3,12,new,newly renovated,1
1482800,135,3,2,1,41.70860033,44.75583279,Vake District,10,21,new,newly renovated,1
61000,37,2,1,0,41.8009667,44.7479015,Saburtalo District,5,12,construction,black frame,1
230700,95,4,3,1,41.7954972,44.8190233,Gldani District,5,10,new,newly renovated,1
168100,57,2,1,1,41.7607336,44.77229274,Didube District,3,12,new,newly renovated,1
133500,54,3,2,0,41.73188365,44.8368763,Other,7,12,new,newly renovated,1
197700,58,3,2,1,41.7243775,44.7671879,Saburtalo District,2,8,new,newly renovated,1
290000,75,4,2,1,41.6816329,44.8388788,Isani District,14,16,new,newly renovated,1
93900,31,1,1,0,41.7240689,44.7299815,Saburtalo District,1,5,old,old renovation,0
83300,36.2,1,1,0,41.7954972,44.8190233,Gldani District,6,9,new,newly renovated,1
105400,64,2,1,0,41.6728267,44.8838567,Samgori District,11,12,new,white frame,0
161500,100,4,3,0,41.7364242,44.7822534,Didube District,6,6,old,under renovation,0
187800,60,2,1,0,41.7245209,44.7537885,Saburtalo District,4,5,old,under renovation,1
757900,103,3,2,1,41.7245209,44.7537885,Saburtalo District,4,22,new,newly renovated,1
115300,42,2,1,0,41.7854493,44.824828,Gldani District,3,17,new,newly renovated,1
186200,83,3,2,0,41.7846015,44.8283079,Gldani District,4,9,old,old renovation,1
201000,50,2,1,1,41.73050193,44.86662481,Other,10,22,new,newly renovated,1
104900,49,2,1,0,41.74524208,44.77435947,Didube District,4,14,construction,black frame,1
461300,130,5,3,1,41.7081011,44.7696196,Vake District,8,14,new,newly renovated,1
249600,45.9,2,1,0,41.68999313,44.7896155,Mtatsminda District,2,4,Construction,white frame,1
98900,34,1,1,0,41.76431867,44.77753603,Didube District,3,5,old,old renovation,1
102100,35,1,0,0,41.73188365,44.8368763,Other,5,5,old,newly renovated,1
131800,50,2,1,0.5,41.73374551,44.72406919,Vake District,7,9,old,newly renovated,1
164400,61,3,2,0,41.73001592,44.75285354,Saburtalo District,7,7,old,newly renovated,0
130200,56,3,2,0,41.793388,44.8120996,Gldani District,12,16,new,newly renovated,1
2.97E+05,80,3,2,0,41.7091395,44.7616907,Vake District,8,9,new,white frame,1
87300,53,2,1,0.5,41.6728267,44.8838567,Samgori District,11,12,new,white frame,0
113700,42,2,1,0,41.77976217,44.83599478,Gldani District,3,17,new,newly renovated,1
362500,105,3,2,0,41.7103479,44.782901,Mtatsminda District,1,5,old,not renovated,1
151600,65,2,1,0,41.6829162,44.839588,Isani District,10,12,new,white frame,1
117000,48,2,1,0,41.720015,44.7407348,Saburtalo District,8,9,new,green frame,0
188600,59,2,1,0,41.72009126,44.71053729,Saburtalo District,7,13,new,newly renovated,1
138400,74,2,1,1,41.80422995,44.82504347,Gldani District,4,9,old,old renovation,1
141700,43,2,1,1,41.7172959,44.7752025,Saburtalo District,1,9,old,newly renovated,0
131800,220,4,2,1,41.66224503,44.7028833,Mtatsminda District,2,2,old,old renovation,1
395400,100,3,2,0,41.71445612,44.76595684,Saburtalo District,5,18,new,newly renovated,1
149900,91,4,3,0,41.69728732,44.88300315,Samgori District,7,15,new,black frame,0
118600,60,2,1,0,41.6988174,44.8818285,Samgori District,7,15,new,white frame,1
152900,80,3,2,0,41.7954972,44.8190233,Gldani District,13,14,new,green frame,1
125200,76,3,2,0,41.69728732,44.88300315,Samgori District,2,15,new,black frame,1
93400,52,2,1,0,41.7903068,44.7593516,Saburtalo District,1,5,new,black frame,1
444800,155,5,3,0,41.7206103,44.7106871,Saburtalo District,5,15,new,green frame,1
97800,56,2,1,0,41.69728732,44.88300315,Samgori District,15,15,new,black frame,1
47800,25,1,1,0,41.79905243,44.8330235,Gldani District,0,6,new,newly renovated,0
350100,125,3,0,0,41.7103615,44.7284963,Vake District,15,16,new,black frame,1
289600,140,5,4,0,41.7564578,44.82739116,Nadzaladevi District,7,8,new,white frame,1
227400,78,3,2,1,41.7172959,44.7752025,Saburtalo District,5,9,old,newly renovated,1
175700,84.1,4,3,0,41.7564578,44.82739116,Nadzaladevi District,4,9,new,white frame,0
296600,78,3,2,1,41.7245209,44.7537885,Saburtalo District,13,17,new,newly renovated,1
214500,125,4,3,0,41.7954972,44.8190233,Gldani District,4,19,construction,white frame,0
82000,46,2,1,0,41.79228605,44.81064901,Gldani District,7,19,Constructor,white frame,0
99500,58,2,1,0.5,41.7954972,44.8190233,Gldani District,9,19,construction,white frame,0
99800,56,2,1,0,41.79228605,44.81064901,Gldani District,5,19,construction,white frame,0
117000,63,3,2,0,41.7954972,44.8190233,Gldani District,7,19,construction,white frame,0
5.01E+05,160,4,3,1,41.7060414,44.7710448,Vake District,3,4,old,newly renovated,1
102100,39,2,1,0,41.6828831,44.8238154,Krtsanisi District,3,9,new,newly renovated,1
169300,95,3,2,0,41.79346875,44.82274575,Gldani District,4,19,Construction,white frame,0
187800,95,4,3,0,41.67197227,44.87579676,Isani District,5,9,new,newly renovated,1
121600,63,3,2,0,41.79228605,44.81064901,Gldani District,9,19,Construction,white frame,0
154900,68,3,2,0,41.6828831,44.8238154,Krtsanisi District,3,9,new,newly renovated,1
82400,33,1,0,1,41.7757895,44.7950346,Nadzaladevi District,4,5,old,old renovation,1
543700,157,5,0,0,41.7081011,44.7696196,Vake District,5,14,new,white frame,1
49400,33,1,1,0,41.70413506,44.96418622,Samgori District,3,3,old,old renovation,0
217500,72,3,2,0,41.7595839,44.77448547,Didube District,9,11,new,newly renovated,1
234000,56,2,1,1,41.7260891,44.7744363,Saburtalo District,7,11,new,newly renovated,0
247100,115,3,2,0,41.7357001,44.77002,Saburtalo District,9,8,new,newly renovated,0
197700,83,3,2,0,41.79923401,47.23827719,Nadzaladevi District,11,15,new,newly renovated,1
204300,97.8,3,2,1,41.67258475,44.84714735,Isani District,10,21,new,newly renovated,1
214200,91,4,3,0,41.6883397,44.8325599,Isani District,7,9,old,old renovation,1
121900,51,2,1,0,41.7757895,44.7950346,Nadzaladevi District,11,15,new,newly renovated,1
207600,82,4,3,0,41.7874621,44.749969,Saburtalo District,9,11,new,newly renovated,1
120300,51,2,1,0,41.7902207,44.7587974,Saburtalo District,4,11,new,newly renovated,1
313000,100,3,0,1,41.7098352,44.7730487,Vake District,6,12,old,newly renovated,1
270200,83.2,3,2,0,41.72352373,44.76252342,Saburtalo District,4,10,new,old renovation,1
121900,125,4,3,0,41.6828831,44.8238154,Krtsanisi District,1,2,old,old renovation,1
125200,47.4,2,1,0,41.74901365,44.7878789,Nadzaladevi District,2,8,new,white frame,1
89000,58,3,2,1,41.78496096,44.77608781,Didube District,1,3,old,old renovation,0
184500,68,3,2,1,41.73188365,44.8368763,Other,3,9,old,newly renovated,0
181200,58,2,1,1,41.7704323,44.7748777,Didube District,8,12,new,newly renovated,1
187800,58,2,1,0,41.7206103,44.7106871,Saburtalo District,4,5,new,newly renovated,1
477800,135,3,2,1,41.7226517,44.7658236,Saburtalo District,6,9,new,newly renovated,1
78200,120,4,3,0,41.72167351,44.7541815,Saburtalo District,0,5,old,black frame,1
222400,150,5,0,0,41.7731415,44.79838354,Nadzaladevi District,15,15,new,white frame,1
204300,56,2,1,1,41.73188365,44.8368763,Other,3,12,new,newly renovated,1
149900,58.44,2,1,0,41.7595839,44.77448547,Didube District,12,16,new,green frame,1
197700,75,4,2,1,41.7206004,44.7232035,Saburtalo District,4,8,old,under renovation,0
108700,75,2,1,1,41.8068798,44.8300802,Gldani District,9,9,old,old renovation,1
214200,85,3,2,1,41.696096,44.860788,Isani District,5,12,new,newly renovated,1
329500,100,4,2,1,41.68711704,44.83481169,Isani District,2,5,old,newly renovated,1
214200,70,3,2,1,41.7731729,44.7800877,Didube District,11,20,new,newly renovated,1
126900,50,3,2,0,41.7856281,44.8219953,Gldani District,7,17,new,newly renovated,1
126900,50,3,2,0,41.7954972,44.8190233,Gldani District,7,17,new,newly renovated,1
92300,43,2,1,0,41.7034618,44.8498781,Isani District,8,14,new,green frame,1
120300,50,2,1,0,41.7034618,44.8498781,Isani District,12,13,new,newly renovated,1
177900,87,3,2,0,41.80050295,44.83089941,Gldani District,4,9,old,newly renovated,1
148300,105,4,3,0,41.6988174,44.8818285,Samgori District,3,9,old,old renovation,1
105200,57,2,1,0,41.79341035,44.76562134,Saburtalo District,5,10,new,black frame,1
214200,85,2,1,1,41.7595839,44.77448547,Didube District,7,7,new,newly renovated,1
790800,258,10,3,1,41.70780924,44.75411329,Vake District,1,3,new,old renovation,0
593100,170,6,3,1,41.70761488,44.75458221,Vake District,1,3,new,old renovation,0
494300,15000,4,3,0,41.7093734,44.7698209,Vake District,7,12,old,old renovation,1
131800,80,3,2,0,41.67627786,44.83120697,Krtsanisi District,10,20,new,black frame,1
157800,84,3,2,0,41.7903068,44.7593516,Saburtalo District,13,17,new,black frame,1
221800,80,4,3,1,41.7364242,44.7822534,Didube District,2,5,old,newly renovated,1
527200,122,4,3,0,41.722811,44.7509454,Saburtalo District,20,23,new,newly renovated,1
84000,48,2,1,0,41.7245209,44.7537885,Saburtalo District,11,11,old,black frame,1
201000,100,3,2,0,41.7206103,44.7106871,Saburtalo District,7,7,new,newly renovated,1
224100,90,3,2,1,41.7245209,44.7537885,Saburtalo District,3,10,new,newly renovated,1
220800,73,3,2,1,41.72277415,44.70796848,Saburtalo District,14,15,new,newly renovated,1
158200,58,2,1,0,41.7081011,44.7696196,Vake District,4,12,new,newly renovated,1
102000,52,2,1,0,41.77266385,44.76661745,Didube District,7,12,construct,white frame,1
184500,73,2,1,0,41.70374339,44.79040231,Vake District,3,15,new,newly renovated,1
54400,36,2,1,0,41.73492625,44.82941849,Other,2,2,old,not renovated,1
95600,50,2,1,0,41.7935155,44.7377903,Saburtalo District,9,9,old,old renovation,1
121900,49,2,1,1,42.06025572,45.01096064,Saburtalo District,2,9,new,newly renovated,1
90900,46,2,1,0,41.78867344,44.80198368,Gldani District,2,12,new,green frame,1
177900,63,3,2,1,41.67720719,44.8748734,Samgori District,5,10,new,newly renovated,1
93700,49.9,2,1,0,41.78872948,44.80197951,Gldani District,2,12,new,green frame,1
168100,67,3,2,1,41.70022794,41.5785224,Nadzaladevi District,11,14,new,newly renovated,1
181200,50,2,1,1,41.71864115,44.76503201,Saburtalo District,3,9,new,newly renovated,1
405300,130,4,3,0,41.716068,44.7854635,Saburtalo District,15,16,new,newly renovated,1
168100,86,3,2,0,41.7874621,44.749969,Saburtalo District,2,7,new,old renovation,1
395400,125,5,3,0,41.7245209,44.7537885,Saburtalo District,7,8,new,newly renovated,1
161500,72,3,2,0,41.725203,44.7425619,Saburtalo District,5,8,old,old renovation,1
266200,101,4,3,0,41.7081011,44.7696196,Vake District,4,5,new,white frame,1
98900,40,1,1,1,41.75459175,44.77417811,Didube District,8,8,old,old renovation,1
299600,107,4,3,0,41.72352631,44.70627075,Saburtalo District,2,16,construct,green frame,1
92300,48,2,1,0,41.7954972,44.8190233,Gldani District,3,10,new,black frame,1
230700,72.6,3,0,0,41.76582811,44.77239009,Didube District,1,5,old,newly renovated,1
166500,58,2,1,0,41.72401916,44.70607445,Saburtalo District,1,16,construction,white frame,1
148300,50,2,1,1,41.7659669,44.7925615,Nadzaladevi District,7,12,new,newly renovated,1
145600,52,2,1,0,41.72396753,44.7059909,Saburtalo District,2,16,Constructor,white frame,1
226200,78,3,2,0,41.72395622,44.70614525,Saburtalo District,2,16,construct,white frame,1
121900,42,3,2,1,41.72917691,44.73340843,Vake District,2,5,old,old renovation,0
80800,43,2,1,0,41.7725665,44.76644088,Didube District,7,12,construction,black frame,1
675400,183,5,4,0,41.71892524,44.77902965,Saburtalo District,24,24,new,white frame,1
111800,57,2,2,0,41.77265351,44.76686698,Didube District,6,12,construction,white frame,1
137200,70,3,2,0,41.77253504,44.76695249,Didube District,7,12,construction,white frame,0
201000,85,3,2,0,41.7861606,44.7654904,Saburtalo District,5,14,new,newly renovated,1
378900,104,3,2,0,41.7198534,44.7780999,Saburtalo District,12,24,new,white frame,1
2.66E+05,85,2,1,0,41.7185968,44.77860408,Saburtalo District,12,24,new,white frame,0
201000,70,3,2,1,41.75893148,44.77250834,Didube District,9,14,old,newly renovated,1
237200,103,4,2,0,41.75376678,44.77445216,Saburtalo District,3,12,new,newly renovated,1
214200,58.4,2,1,1,41.6822869,44.84055294,Isani District,4,22,new,newly renovated,1
196100,86,3,2,0,41.73296919,44.77057109,Saburtalo District,2,8,new,black frame,1
159800,56,3,2,0,41.72568695,44.7191893,Saburtalo District,12,16,old,newly renovated,1
281400,85.4,3,2,0,41.71856571,44.77867968,Saburtalo District,23,24,new,white frame,0
148300,63.5,2,2,1,41.72452549,44.80370602,Nadzaladevi District,2,3,new,newly renovated,0
146600,61,2,1,1,41.7230304,44.7080114,Saburtalo District,15,15,new,newly renovated,1
90600,41,2,1,1,41.6761108,44.8481344,Isani District,5,7,new,newly renovated,1
421800,170,3,2,1,41.72705763,44.77961495,Saburtalo District,5,15,new,newly renovated,1
460300,190,4,2,0,41.7245209,44.7537885,Saburtalo District,5,15,new,newly renovated,1
856700,104,4,2,1,41.70363325,44.77001635,Vake District,5,9,new,newly renovated,1
148300,54,2,1,1,41.80051495,44.83015912,Gldani District,15,17,new,newly renovated,1
93900,55,2,1,0,41.68686877,44.88588871,Samgori District,1,5,old,newly renovated,0
205900,61,2,1,1,41.6793871,44.8200128,Krtsanisi District,10,15,new,newly renovated,1
303100,115,4,3,0,41.69357113,44.76635554,Vake District,3,5,construction,white frame,1
87000,48,2,1,0,41.7918749,44.7553665,Saburtalo District,5,14,construct,green frame,0
266900,77,2,1,0,41.73188365,44.8368763,Other,7,22,new,newly renovated,1
151600,56,3,2,1,41.7903068,44.7593516,Saburtalo District,5,9,new,newly renovated,1
102100,57,2,1,0,41.7918749,44.7553665,Saburtalo District,5,14,construction,green frame,0
89000,44,2,1,0,41.8015417,44.8271721,Gldani District,6,15,new,white frame,1
159800,48,2,1,1,41.74996417,44.78359546,Didube District,13,13,new,newly renovated,1
474500,192,4,3,1,41.72895845,44.72418755,Vake District,10,10,new,newly renovated,1
97200,45,1,1,0,41.7245209,44.7537885,Saburtalo District,5,5,old,newly renovated,1
118600,60,3,2,1,41.7891648,44.7414596,Saburtalo District,6,14,old,old renovation,1
240500,113,3,2,0,41.7355077,44.7785372,Didube District,4,9,old,newly renovated,1
120300,45,2,1,1,41.8040628,44.815517,Gldani District,17,19,new,newly renovated,1
171300,100,2,1,0,41.72981255,44.73330339,Vake District,3,9,old,not renovated,1
253700,86,3,2,1,41.7245209,44.7537885,Saburtalo District,14,15,new,newly renovated,1
461300,120,4,3,0,41.7093734,44.7698209,Vake District,4,5,old,old renovation,1
110400,48,3,1,0,41.7902207,44.7587974,Saburtalo District,11,12,new,newly renovated,1
133500,50,2,1,1,41.7925166,44.7395589,Saburtalo District,10,13,new,newly renovated,1
197700,80,5,3,0,41.7260323,44.7995087,Nadzaladevi District,9,9,new,newly renovated,1
197700,82,3,2,1,41.74167444,44.77385585,Didube District,3,8,old,old renovation,1
138400,56,2,1,0,41.7704323,44.7748777,Didube District,12,15,construct,white frame,1
149900,85,3,2,0,41.7903068,44.7593516,Saburtalo District,11,18,new,black frame,1
192800,85,3,2,0,41.7903068,44.7593516,Saburtalo District,11,15,new,newly renovated,1
192800,85,3,2,0,41.7918749,44.7553665,Saburtalo District,10,15,new,newly renovated,1
204100,59,3,2,0,41.71969346,44.78153628,Saburtalo District,4,10,new,newly renovated,1
163100,90,3,2,0,41.7607336,44.77229274,Didube District,5,6,old,old renovation,1
161500,65,3,2,1,41.7731415,44.79838354,Nadzaladevi District,11,15,new,newly renovated,1
69700,47,2,1,0,41.7950174,44.7451546,Saburtalo District,5,11,construct,white frame,1
107100,35,2,1,0,41.7276747,44.7469091,Saburtalo District,1,5,old,newly renovated,0
164800,45,2,1,0,41.72044579,44.76113564,Saburtalo District,2,4,old,old renovation,1
73600,47.5,2,1,0,41.79612724,44.75533474,Saburtalo District,7,15,construction,black frame,1
149900,67,5,2,1,41.69846493,44.87401791,Samgori District,4,9,old,old renovation,1
113700,73.4,4,2,0,41.79588752,44.75514871,Saburtalo District,7,15,construction,black frame,1
68100,44,2,1,0,41.79601481,44.75523911,Saburtalo District,7,15,construction,black frame,1
53400,36,1,1,0,41.7950174,44.7451546,Saburtalo District,5,11,construction,white frame,1
176500,119,5,3,0,41.7950174,44.7451546,Saburtalo District,5,11,construction,white frame,1
123100,83,3,2,0,41.7950174,44.7451546,Saburtalo District,5,11,construction,white frame,1
99100,64,3,2,0,41.79594378,44.75525155,Saburtalo District,14,15,construction,black frame,1
138400,51,2,1,0,41.7903068,44.7593516,Saburtalo District,10,15,new,newly renovated,1
201000,55.5,2,1,1,41.7228736,44.7328958,Saburtalo District,2,12,new,newly renovated,1
362500,122,3,2,1,41.71925786,44.80286877,Nadzaladevi District,9,12,new,newly renovated,1
273500,12600,4,3,0,41.7902207,44.7587974,Saburtalo District,7,10,old,newly renovated,1
71500,46.2,2,1,0,41.7826207,44.75237,Saburtalo District,5,5,new,black frame,1
110400,27,2,1,0,41.7260891,44.7744363,Saburtalo District,11,11,new,newly renovated,0
774300,250,6,4,0,41.70620648,44.7720922,Vake District,78,8,new,green frame,1
143300,38,2,1,0,41.73188365,44.8368763,Other,11,11,new,newly renovated,0
158200,75,4,2,1,41.8068798,44.8300802,Gldani District,8,9,old,newly renovated,1
319600,147,3,2,1,41.72346093,44.74804113,Saburtalo District,7,9,old,newly renovated,1
136700,41,2,1,0,41.7206103,44.7106871,Saburtalo District,4,5,new,newly renovated,1
461300,125,5,3,0,41.70978739,44.7670502,Vake District,4,5,old,not renovated,1
247100,100,4,3,0,41.7394206,44.75660209,Saburtalo District,3,4,new,white frame,1
173000,42,2,1,1,41.72746722,44.72443539,Vake District,4,9,new,newly renovated,1
227400,100,3,2,0,41.74359232,44.77413591,Didube District,9,9,old,old renovation,1
197700,65,3,2,1,41.79390104,44.82875222,Other,14,14,new,newly renovated,0
164800,70,3,2,0,41.78886137,44.7572863,Saburtalo District,3,9,new,newly renovated,1
378900,170,4,3,1,41.7128785,44.7500766,Vake District,10,10,old,newly renovated,1
458000,145,4,3,1,41.7093734,44.7698209,Vake District,4,13,new,newly renovated,1
98900,52,2,1,0,41.73662639,44.72137772,Vake District,5,11,new,black frame,1
125200,63,3,2,0,41.79398659,44.82834928,Other,7,7,new,green frame,1
210400,99,3,2,0,41.7628495,44.76911845,Didube District,5,15,new,black frame,1
268600,68,2,1,0,41.71251947,44.75623773,Vake District,19,24,construction,green frame,1
220800,92,3,2,0,41.72305703,44.77948658,Didube District,3,9,old,old renovation,1
537100,168.1,5,3,0,41.7109605,44.800562,Chugureti District,2,3,old,under renovation,1
416500,160,4,3,1,41.7205546,44.7676099,Saburtalo District,4,9,old,old renovation,1
484400,122,4,3,0,41.72794845,44.77296012,Saburtalo District,7,23,new,newly renovated,1
346000,93,3,2,0,41.7109605,44.800562,Chugureti District,4,5,new,newly renovated,1
329500,85,2,1,1,41.70733582,44.75954326,Vake District,1,5,new,newly renovated,1
164800,57,2,1,1,41.7223071,44.7263926,Saburtalo District,1,7,old,newly renovated,0
168400,71,3,2,0,41.7547729,44.7642352,Saburtalo District,7,13,new,white frame,1
207600,88,4,3,0,41.79581096,44.74941971,Saburtalo District,3,8,new,newly renovated,1
102100,45,2,1,1,41.8040628,44.815517,Gldani District,6,6,new,newly renovated,1
134800,52.7,2,1,0,41.793388,44.8120996,Gldani District,14,15,new,newly renovated,1
159800,50,2,1,0,41.7547729,44.7642352,Saburtalo District,9,12,new,newly renovated,1
626100,120,3,2,1,41.6793871,44.8200128,Krtsanisi District,9,9,new,newly renovated,1
171300,120,4,2,1,41.6930659,44.8579851,Isani District,4,12,old,old renovation,1
197700,100,4,2,1,41.7245209,44.7537885,Saburtalo District,3,5,old,old renovation,1
143500,67,3,2,0,41.80050295,44.83089941,Gldani District,14,15,new,newly renovated,1
145000,55,2,1,0,41.72142243,44.73851275,Saburtalo District,11,31,new,white frame,0
313000,89,3,2,1,41.70790111,44.76912659,Vake District,2,6,new,newly renovated,1
316000,139,3,2,1,41.7599999,44.770679,Didube District,2,8,new,old renovation,0
295200,11200,3,2,0,41.7206103,44.7106871,Saburtalo District,6,17,new,green frame,1
168100,54,2,1,0,41.69947791,44.80658043,Vake District,5,7,old,old renovation,1
256800,109,3,2,1,41.7595839,44.77448547,Didube District,7,8,old,old renovation,1
55400,27,1,1,0,41.68289383,44.85322474,Isani District,17,17,new,green frame,1
107900,56,3,2,0,41.73844038,44.82957523,Other,10,10,new,green frame,1
182400,89.3,3,2,0,41.74639742,44.77919501,Didube District,12,12,new,white frame,1
194400,78,3,2,1,41.72990975,44.70788125,Vake District,4,10,old,old renovation,1
126900,50.4,2,1,0,41.793388,44.8120996,Gldani District,14,15,new,newly renovated,1
214200,66,2,1,1,41.81111472,44.73695923,Other,7,16,new,newly renovated,1
184500,11000,4,0,0,41.7245209,44.7537885,Saburtalo District,1,9,old,newly renovated,0
123600,49,2,1,0,41.7903068,44.7593516,Saburtalo District,3,10,new,newly renovated,1
182900,78,4,3,0,41.7903068,44.7593516,Saburtalo District,7,7,new,newly renovated,1
138400,56,2,1,0,41.7206103,44.7106871,Saburtalo District,9,17,new,green frame,1
266900,77,2,1,1,41.7245209,44.7537885,Saburtalo District,7,23,new,newly renovated,1
145000,65,3,2,0,41.78800275,44.75273035,Saburtalo District,6,10,new,newly renovated,1
138400,56,2,0,0,41.7206103,44.7106871,Saburtalo District,5,12,construction,white frame,1
120300,53,2,1,0,41.7903068,44.7593516,Saburtalo District,5,10,new,newly renovated,1
120300,50,2,1,1,41.7903068,44.7593516,Saburtalo District,3,5,new,newly renovated,1
131500,45,2,1,1,41.73188365,44.8368763,Other,0,12,new,newly renovated,0
115300,47,2,1,0,41.7903068,44.7593516,Saburtalo District,6,10,new,newly renovated,1
143300,58,2,1,0,41.7206103,44.7106871,Saburtalo District,3,17,new,green frame,1
187800,56,2,1,0,41.7245209,44.7537885,Saburtalo District,12,15,new,newly renovated,1
143300,55,2,1,1,41.7903068,44.7593516,Saburtalo District,4,5,new,newly renovated,1
177900,63,3,2,1,41.7891648,44.7414596,Saburtalo District,10,12,new,newly renovated,1
164800,44.5,2,1,0,41.7276747,44.7469091,Saburtalo District,2,10,old,newly renovated,1
85700,25,1,1,1,41.7177429,44.80073478,Chugureti District,1,5,old,newly renovated,0
108700,32,2,1,1,41.7266037,44.729069,Saburtalo District,9,10,new,newly renovated,1
293300,90,3,2,0.5,41.7245209,44.7537885,Saburtalo District,5,5,new,newly renovated,1
148300,42,2,1,1,41.7245209,44.7537885,Saburtalo District,9,10,new,newly renovated,1
184500,67,3,2,1,41.7902207,44.7587974,Saburtalo District,9,12,new,newly renovated,1
159000,46.6,3,2,1,41.7124996,44.7951604,Chugureti District,1,1,old,newly renovated,1
207600,140,3,2,0,41.7245209,44.7537885,Saburtalo District,3,9,old,not renovated,1
98900,63,2,2,1,41.7034618,44.8498781,Isani District,5,9,old,not renovated,1
194400,78,3,2,1,41.78924001,44.75484594,Saburtalo District,8,9,new,newly renovated,1
182900,87.06,4,3,0,41.68158891,44.88851274,Isani District,6,6,new,white frame,1
156500,55,3,2,1,41.7902207,44.7587974,Saburtalo District,5,16,new,newly renovated,1
214200,70,2,1,0,41.73064,44.7631848,Saburtalo District,1,9,old,old renovation,0
143300,48,2,1,1,41.7902207,44.7587974,Saburtalo District,7,16,new,newly renovated,1
84000,45,2,1,1,41.73188365,44.8368763,Other,8,9,new,newly renovated,1
418500,150,4,3,0,41.72459165,44.7682194,Other,4,4,old,newly renovated,1
145000,55,3,2,0,41.73188365,44.8368763,Other,6,9,old,newly renovated,0
194400,75,3,2,1,41.745712,44.7882254,Nadzaladevi District,11,12,new,newly renovated,1
171300,67,3,2,1,41.73188365,44.8368763,Other,3,9,new,newly renovated,0
197700,85,4,3,0,41.73188365,44.8368763,Other,7,9,old,old renovation,0
258700,88,3,2,0,41.73188365,44.8368763,Other,2,6,old,old renovation,1
3300,51,2,1,1,41.6828831,44.8238154,Krtsanisi District,4,8,new,newly renovated,1
131800,50,2,1,0,41.72142243,44.73851275,Saburtalo District,11,30,new,white frame,0
181200,75,3,2,0,41.79702778,44.83515646,Gldani District,6,8,new,newly renovated,1
204300,74,3,2,0,41.68620969,44.82575661,Isani District,6,10,new,white frame,1
144900,70,3,2,0,41.7874621,44.749969,Saburtalo District,2,12,new,newly renovated,1
313000,79,3,2,1,41.69322033,44.82167156,Isani District,5,6,new,newly renovated,1
121900,53,2,1,0,41.78577484,44.76594259,Saburtalo District,3,9,new,newly renovated,0
237200,80,3,2,0,41.6770838,44.8172216,Krtsanisi District,3,4,new,white frame,1
120300,51,2,1,0,41.79338157,44.74992608,Saburtalo District,6,10,new,newly renovated,1
118600,39,2,1,1,41.7902207,44.7587974,Saburtalo District,12,12,new,newly renovated,1
159800,68,3,2,0,41.72835987,44.72878368,Vake District,3,6,new,white frame,1
121900,40,2,1,1,41.7902207,44.7587974,Saburtalo District,12,12,new,newly renovated,1
189500,78,3,2,1,41.7902207,44.7587974,Saburtalo District,8,8,new,newly renovated,1
120300,52,2,1,0,41.7903068,44.7593516,Saburtalo District,2,6,new,newly renovated,1
120300,49,2,1,0,41.7902207,44.7587974,Saburtalo District,15,16,new,newly renovated,1
56000,22,1,1,0,41.80050295,44.83089941,Gldani District,6,15,new,newly renovated,1
62600,27,1,1,0,41.80050295,44.83089941,Gldani District,4,15,new,newly renovated,1
141700,62,3,2,0,41.7903068,44.7593516,Saburtalo District,5,5,new,newly renovated,1
143300,59,3,2,0,41.7902207,44.7587974,Saburtalo District,2,10,new,newly renovated,1
110400,45,2,1,0,41.7891648,44.7414596,Saburtalo District,8,8,new,newly renovated,1
113700,57,3,1,0,41.7891648,44.7414596,Saburtalo District,3,9,new,newly renovated,1
215800,95,4,3,0,41.7891648,44.7414596,Saburtalo District,2,8,new,newly renovated,1
117000,50,2,1,0,41.7902207,44.7587974,Saburtalo District,6,10,new,newly renovated,1
164800,59,3,2,1,41.7902207,44.7587974,Saburtalo District,8,14,new,newly renovated,1
149100,70.7,3,2,0,41.73830567,44.77934083,Didube District,11,15,construction,black frame,1
149100,70.7,3,2,0,41.73831904,44.77936924,Didube District,12,15,construction,black frame,1
112700,52.6,2,1,0,41.6828831,44.8238154,Krtsanisi District,11,15,new,black frame,1
128200,60.8,2,1,0,41.73831486,44.77930967,Didube District,13,15,construction,black frame,1
174600,60,2,2,1,41.7250224,44.72677332,Saburtalo District,2,5,old,old renovation,1
121900,48,2,1,0,41.7874621,44.749969,Saburtalo District,4,7,new,newly renovated,1
121900,52,2,1,0,41.7902207,44.7587974,Saburtalo District,4,6,new,newly renovated,1
112700,51,2,1,0,41.78573127,44.75207476,Saburtalo District,8,10,new,newly renovated,1
189800,95,3,2,0,41.7903068,44.7593516,Saburtalo District,4,5,new,newly renovated,1
239000,110,5,3,0,41.86498682,44.73780581,Saburtalo District,14,17,new,newly renovated,1
108700,46.3,2,1,0,41.7894552,44.75559088,Saburtalo District,3,6,new,newly renovated,1
154900,46,2,1,0,41.7306873,44.7521294,Saburtalo District,5,6,new,newly renovated,1
108400,41.3,2,1,0,41.79346875,44.82274575,Gldani District,14,17,new,newly renovated,1
156500,42,2,1,0,41.72045393,44.72352546,Saburtalo District,6,16,new,newly renovated,1
105100,38.4,2,1,0,41.79346875,44.82274575,Gldani District,14,17,new,newly renovated,1
237200,61,2,1,1,41.7245209,44.7537885,Saburtalo District,2,9,new,newly renovated,1
161500,55.3,2,1,1,41.7539499,44.7588727,Saburtalo District,3,5,new,newly renovated,1
346000,70,3,2,1,41.69096013,44.79726362,Mtatsminda District,3,3,old,newly renovated,1
177900,83.46,3,2,0,41.7539499,44.7588727,Saburtalo District,3,5,new,under renovation,1
151200,69,3,2,0,41.7525745,44.7636671,Saburtalo District,5,12,new,white frame,1
95600,44,2,1,0,41.7903068,44.7593516,Saburtalo District,8,10,new,newly renovated,1
113700,54,2,1,0,41.80271159,44.79226323,Saburtalo District,9,10,new,newly renovated,1
108700,55,2,1,0,41.78897711,44.75741535,Saburtalo District,4,9,new,black frame,1
136700,58,2,1,1,41.7903068,44.7593516,Saburtalo District,4,8,new,newly renovated,1
186200,75,3,2,1,41.7245209,44.7537885,Saburtalo District,9,9,old,newly renovated,1
146600,63,3,2,1,41.79632199,44.74051176,Saburtalo District,7,10,new,newly renovated,1
121900,36,2,1,1,41.7759798,44.8292188,Nadzaladevi District,2,10,new,newly renovated,1
61500,35.24,1,1,0,41.79691044,44.76138397,Saburtalo District,2,5,construction,black frame,1
128500,52,3,2,0,41.7874621,44.749969,Saburtalo District,3,10,new,newly renovated,1
112600,51,2,1,0,41.6828831,44.8238154,Krtsanisi District,6,12,new,green frame,1
210900,72,3,2,0,41.72700892,44.73671923,Saburtalo District,4,4,old,old renovation,0
853400,235,4,3,0,41.7147115,44.80469893,Vake District,11,12,new,newly renovated,1
296600,123,4,3,1,41.71230537,44.87753868,Other,13,14,new,newly renovated,1
181200,100,4,3,0,41.7341813,44.72803694,Vake District,4,9,old,not renovated,1
238400,79.5,3,2,0,41.707897,44.73169445,Vake District,5,11,construction,white frame,1
123800,63,2,1,0,41.7903068,44.7593516,Saburtalo District,4,5,new,newly renovated,1
116500,66.7,3,2,0,41.79709263,44.76119248,Saburtalo District,2,5,construction,black frame,1
571200,170,5,3,0,41.70479695,44.73775247,Vake District,4,12,new,white frame,1
145000,55,2,1,0,41.77728844,44.80743392,Nadzaladevi District,12,13,new,newly renovated,1
64500,43,1,1,0,41.669301,44.9031965,Samgori District,5,16,construction,black frame,1
74700,42,2,1,0,41.77151073,44.7901327,Nadzaladevi District,4,9,construct,black frame,1
126900,58,2,1,0,41.7902207,44.7587974,Saburtalo District,12,12,new,newly renovated,1
494300,104,4,2,1,,,Isani District,5,3,new,newly renovated,1
303100,89,3,2,0,41.72668921,44.77559304,Saburtalo District,14,24,new,white frame,1
853400,177,8,4,1,41.71088113,44.75780955,Vake District,1,5,old,newly renovated,0
90100,51.6,2,1,0,41.79702311,44.76084068,Saburtalo District,2,5,construction,black frame,1
823200,218,6,3,0,41.7198534,44.7780999,Saburtalo District,11,18,new,newly renovated,1
150200,91.17,3,2,0,41.7925166,44.7395589,Saburtalo District,4,11,new,green frame,1
444800,60,2,1,1,41.73188365,44.8368763,Other,10,45,new,newly renovated,0
89500,54.33,2,1,0,41.7925166,44.7395589,Saburtalo District,11,7,new,green frame,0
105400,47,2,1,0,41.80316838,44.77600275,Saburtalo District,5,6,new,newly renovated,1
56000,24,1,1,0,41.80050295,44.83089941,Gldani District,10,16,new,newly renovated,1
79900,48.51,2,1,0,41.7925166,44.7395589,Saburtalo District,11,5,new,green frame,1
64600,27,1,0,0,41.80050295,44.83089941,Gldani District,10,16,new,newly renovated,1
204300,96,4,3,1,41.7595839,44.77448547,Didube District,2,6,new,newly renovated,1
187800,66,3,2,0,41.7245209,44.7537885,Saburtalo District,12,16,new,white frame,1
151700,79.4,3,2,0,41.6927743,44.8740133,Samgori District,13,13,construction,white frame,1
98900,60,2,1,0,41.7731415,44.79838354,Nadzaladevi District,4,12,new,white frame,1
109700,49,3,2,0,41.80050295,44.83089941,Gldani District,10,16,new,newly renovated,1
978600,90,3,1,0,41.6918161,44.7983269,Mtatsminda District,2,2,old,newly renovated,1
2.47E+05,61,3,2,1,41.75363868,44.75942724,Saburtalo District,13,18,new,newly renovated,1
217500,81,4,3,0,41.7731729,44.7800877,Didube District,13,16,new,newly renovated,1
138400,58,2,1,0,41.78771902,44.73771289,Saburtalo District,3,6,new,newly renovated,1
169700,57,2,1,1,41.72934882,44.72972134,Saburtalo District,10,10,old,newly renovated,1
134100,54.4,2,1,0,41.8040628,44.815517,Gldani District,3,10,new,newly renovated,1
217500,81,4,3,0,41.7595839,44.77448547,Didube District,9,16,new,newly renovated,1
80700,40,1,1,0,41.7950679,44.76241668,Other,5,12,new,green frame,0
270200,94.4,3,2,0,41.7141725,44.7596077,Vake District,18,26,new,white frame,1
126900,56,3,2,0,41.78668495,44.75665474,Saburtalo District,2,5,new,newly renovated,1
224100,68,3,2,1,40.46922891,44.54660716,Saburtalo District,10,14,new,newly renovated,1
184500,63,3,1,1,41.7265016,44.741745,Saburtalo District,3,8,new,newly renovated,1
164600,56,2,1,1,41.73188365,44.8368763,Other,7,7,new,newly renovated,1
103800,37,2,1,1,41.79228605,44.81064901,Gldani District,11,14,new,newly renovated,1
118600,39,2,1,1,41.79179167,44.81077106,Gldani District,9,12,new,newly renovated,1
227400,58,2,1,0,41.72364247,44.77637303,Saburtalo District,17,22,new,newly renovated,1
186200,83.5,3,2,0,41.7329497,44.7893339,Didube District,2,10,new,white frame,1
138400,56.8,2,1,0,41.71962004,44.71218316,Saburtalo District,13,14,new,black frame,1
163100,51,2,1,0,41.72161886,44.73653885,Saburtalo District,6,23,new,newly renovated,1
201000,54,2,1,0,41.7260891,44.7744363,Saburtalo District,4,25,new,green frame,1
112000,61,3,2,1,41.6885264,44.88372058,Samgori District,9,9,old,old renovation,1
141700,95,3,2,1,41.6988174,44.8818285,Samgori District,1,9,new,newly renovated,1
378900,92,3,2,0,41.7198534,44.7780999,Saburtalo District,19,23,new,newly renovated,0
112000,45,2,1,0,41.72575597,44.72432631,Saburtalo District,6,6,old,newly renovated,1
135100,36.05,2,1,0,41.71862771,44.77689774,Saburtalo District,6,5,new,newly renovated,1
181200,65,3,2,1,41.76411004,44.7635292,Saburtalo District,3,10,new,newly renovated,1
174600,62.5,3,2,1,41.77728201,44.80741728,Nadzaladevi District,11,13,new,newly renovated,1
126900,47,2,1,1,41.7874621,44.749969,Saburtalo District,3,9,new,newly renovated,1
151600,61,2,1,0,41.7230304,44.7080114,Saburtalo District,15,15,new,newly renovated,1
141700,86,3,2,1,41.7034618,44.8498781,Isani District,9,9,old,newly renovated,1
140000,50,2,1,0,41.7204664,44.73372825,Saburtalo District,2,9,new,white frame,1
362500,166,3,2,0,41.725054,44.7545015,Saburtalo District,5,6,old,old renovation,1
856700,120,4,2,1,41.696002,44.8044024,Krtsanisi District,2,5,new,newly renovated,1
988500,256,6,3,0,41.7128448,44.7605542,Vake District,10,11,new,newly renovated,1
227400,54,2,1,1,41.725092,44.7739729,Saburtalo District,14,17,new,newly renovated,1
461300,115,4,2,0,41.68624291,44.85092725,Mtatsminda District,4,6,new,newly renovated,1
290000,49,2,1,0,41.7093734,44.7698209,Vake District,12,23,new,green frame,1
214200,50,2,1,1,41.7236415,44.7619559,Saburtalo District,4,12,new,newly renovated,1
609600,121,3,2,1,41.7081011,44.7696196,Vake District,4,16,new,newly renovated,1
560200,143,4,3,1,41.7081011,44.7696196,Vake District,10,15,new,newly renovated,1
362500,101,3,2,0,41.7245209,44.7537885,Saburtalo District,6,8,new,newly renovated,1
230700,84,3,2,0,41.7230304,44.7080114,Saburtalo District,9,15,new,newly renovated,1
270200,73,2,1,1,41.7224121,44.7720785,Saburtalo District,4,12,new,newly renovated,1
362500,81,3,2,1,41.6828831,44.8238154,Krtsanisi District,3,8,new,newly renovated,1
181200,47,2,1,1,41.725203,44.7425619,Saburtalo District,6,12,new,newly renovated,0
322900,127,3,2,1,41.7478822,44.7715063,Didube District,12,17,new,newly renovated,1
378900,110,3,2,0,41.7093734,44.7698209,Vake District,5,22,new,white frame,1
286700,86,3,2,0,41.7260891,44.7744363,Saburtalo District,5,22,new,white frame,1
477800,92,4,2,0,41.6964053,44.7938526,Mtatsminda District,3,5,old,newly renovated,1
214200,61,2,1,1,41.7037033,44.7724816,Vake District,5,8,new,newly renovated,1
148300,90,3,2,1,41.70693255,44.87708302,Samgori District,5,13,old,old renovation,1
388800,81,3,2,0,41.73188365,44.8368763,Other,7,9,new,newly renovated,1
135100,60,3,2,0,41.8040628,44.815517,Gldani District,8,9,new,newly renovated,1
224100,78,2,1,1,41.7210455,44.7405122,Saburtalo District,18,19,new,newly renovated,1
444800,77,3,2,1,41.73188365,44.8368763,Other,2,3,old,newly renovated,1
85700,38,2,1,1,41.6870537,44.87979,Samgori District,4,5,old,old renovation,1
220800,97,3,2,1,41.7874621,44.749969,Saburtalo District,3,7,new,newly renovated,1
255400,90,3,2,1,41.7432797,44.777228,Didube District,8,8,old,newly renovated,1
125200,52,2,1,1,41.7679459,44.7677435,Saburtalo District,8,9,new,old renovation,1
257000,90,3,2,1,41.70703,44.7859759,Mtatsminda District,4,12,new,newly renovated,1
114000,45,1,1,0,41.7245209,44.7537885,Saburtalo District,8,8,old,old renovation,0
319600,123,4,2,1,41.7223038,44.78088,Saburtalo District,7,17,new,newly renovated,1
72500,40,2,1,0,41.7659669,44.7925615,Nadzaladevi District,2,12,old,newly renovated,0
151600,45,2,1,1,41.6828831,44.8238154,Krtsanisi District,2,5,new,newly renovated,1
184200,54,2,1,1,41.7309687,44.7564179,Saburtalo District,3,7,new,newly renovated,1
184500,60,3,2,0,41.72981255,44.73330339,Vake District,8,10,old,newly renovated,1
110400,36,1,1,0,41.7309687,44.7564179,Saburtalo District,2,8,old,old renovation,1
273200,59,2,1,0,41.71880197,44.7789092,Saburtalo District,22,24,new,newly renovated,1
362500,111.7,4,2,1,41.72209904,44.72081534,Saburtalo District,4,8,old,newly renovated,1
92300,33,1,1,1,41.7217547,44.720354,Saburtalo District,6,6,new,newly renovated,1
371700,103.4,4,3,0,41.71883773,44.7788965,Saburtalo District,7,24,new,white frame,1
210900,107,4,2,0,41.7595839,44.77448547,Didube District,15,17,new,white frame,0
468600,158,4,3,0,41.71840406,44.7786614,Saburtalo District,10,24,new,white frame,1
269900,58,2,1,0,41.71892,44.77884695,Saburtalo District,17,24,new,newly renovated,1
237200,73,3,2,0,41.73839197,44.70177404,Saburtalo District,5,5,new,newly renovated,1
283400,63,2,1,1,41.7198534,44.7780999,Saburtalo District,12,24,new,newly renovated,0
207300,67,3,2,0,41.7062458,44.79931427,Vake District,8,15,new,green frame,1
148300,58,2,1,0,41.7314085,44.79785423,Nadzaladevi District,10,15,new,white frame,1
197700,75,2,1,0,41.66252879,44.71382438,Mtatsminda District,2,2,old,old renovation,0
451400,180,6,3,0,41.7081011,44.7696196,Vake District,6,10,old,old renovation,1
339100,103,3,2,1,41.7232461,44.7619571,Saburtalo District,5,7,new,newly renovated,1
392100,100,3,2,1,41.72704325,44.7283617,Saburtalo District,11,12,new,newly renovated,1
197700,70,3,2,1,41.7240689,44.7299815,Saburtalo District,1,8,old,old renovation,0
438200,180,5,4,1,41.7245209,44.7537885,Saburtalo District,5,8,new,newly renovated,1
220800,80,3,2,1,41.7223038,44.78088,Saburtalo District,7,16,new,newly renovated,0
77400,40,2,1,0,41.6883397,44.8325599,Isani District,8,12,new,white frame,1
98900,38,2,1,1,41.7034618,44.8498781,Isani District,10,10,new,newly renovated,1
82400,43,2,1,0,41.68688009,44.83371484,Isani District,5,12,new,white frame,1
145000,45,2,1,0,41.7245209,44.7537885,Saburtalo District,6,10,new,newly renovated,1
171300,65,2,1,1,41.7271321,44.7880765,Didube District,2,12,new,newly renovated,1
187800,75,3,2,0,41.7245209,44.7537885,Saburtalo District,9,9,old,newly renovated,1
217500,90,3,2,0,41.7357001,44.77002,Saburtalo District,8,12,new,black frame,1
102100,39,2,1,0,41.6883397,44.8325599,Isani District,7,9,old,newly renovated,0
168100,95,3,2,0,41.75837565,44.77671326,Didube District,5,6,old,old renovation,1
263600,112,3,2,0,41.7763545,44.78552728,Saburtalo District,8,15,new,newly renovated,1
156500,60,2,1,0,41.725203,44.7425619,Saburtalo District,7,15,new,newly renovated,1
247100,97,4,3,0,41.7245209,44.7537885,Saburtalo District,4,8,old,newly renovated,1
136700,52,2,1,0,41.7058381,44.8528927,Isani District,8,16,new,newly renovated,1
247100,87,3,2,0.5,41.7245209,44.7537885,Saburtalo District,8,9,new,newly renovated,1
135100,52,2,1,1,41.6988174,44.8818285,Samgori District,12,16,new,newly renovated,1
74100,36,1,1,0,41.69230965,44.82154107,Isani District,4,10,old,old renovation,1
89000,43,2,1,0,41.74520523,44.83052483,Other,10,16,new,green frame,1
171300,53,2,1,0,41.7181662,44.7807554,Saburtalo District,12,12,new,newly renovated,0
164800,70,3,2,0,41.7109605,44.800562,Chugureti District,3,3,old,old renovation,0
121900,48,2,1,0,41.73188365,44.8368763,Other,8,9,new,newly renovated,1
286700,95,3,2,0,41.7245209,44.7537885,Saburtalo District,8,8,old,newly renovated,1
151600,68,3,2,0,41.7054409,44.8072665,Chugureti District,4,4,old,old renovation,1
247100,88,3,2,0,41.7081011,44.7696196,Vake District,12,14,new,newly renovated,1
224100,112,3,2,0,41.7186883,44.7919028,Chugureti District,6,6,old,newly renovated,0
280100,160,4,3,0,41.7903068,44.7593516,Saburtalo District,2,5,new,newly renovated,1
54400,37,1,1,1,41.66468895,44.89485984,Samgori District,1,2,old,newly renovated,1
533800,160,4,3,1,41.7245209,44.7537885,Saburtalo District,8,12,new,newly renovated,1
306400,95,3,2,0,41.6905169,44.7980186,Mtatsminda District,2,2,old,not renovated,0
117000,49,2,1,1,41.73359825,44.72603041,Vake District,1,4,old,newly renovated,0
147600,47,2,1,1,41.7245209,44.7537885,Saburtalo District,4,10,new,newly renovated,1
168100,85,3,2,0,41.7260323,44.7995087,Nadzaladevi District,3,8,old,old renovation,1
149900,53,2,1,0,41.7364993,44.7947639,Nadzaladevi District,2,12,new,newly renovated,1
145000,63,2,1,0,41.6828831,44.8238154,Krtsanisi District,4,14,new,white frame,1
174600,70,3,2,0,41.7364993,44.7947639,Nadzaladevi District,4,12,new,green frame,1
322900,90,3,2,0,41.7081011,44.7696196,Vake District,2,5,old,newly renovated,1
207600,71,4,2,0,41.7650026,44.77189605,Didube District,3,5,new,newly renovated,1
177900,56,3,2,1,41.71642099,44.76510556,Saburtalo District,14,15,new,newly renovated,1
138400,64,3,2,0,41.70588429,44.85304997,Isani District,16,21,new,white frame,1
113700,31,2,1,0,41.7245209,44.7537885,Saburtalo District,1,5,old,newly renovated,0
418500,200,4,3,0,41.7245209,44.7537885,Saburtalo District,12,14,new,newly renovated,1
174600,48,2,1,1,41.73140106,44.75405756,Saburtalo District,6,8,new,newly renovated,1
214200,87,3,2,0,41.7081011,44.7696196,Vake District,9,9,old,newly renovated,1
181200,98,3,2,0,41.7271321,44.7880765,Didube District,2,8,old,old renovation,1
151600,98,2,1,0,41.7650026,44.77189605,Didube District,2,5,old,not renovated,1
219100,72,3,2,1,41.7245209,44.7537885,Saburtalo District,8,12,new,newly renovated,1
378900,110,4,2,1,41.72876336,44.74970612,Saburtalo District,5,12,new,newly renovated,1
411900,127,4,3,0,41.7175894,44.7949173,Chugureti District,6,8,new,newly renovated,1
164800,41,2,1,1,41.6905169,44.7980186,Mtatsminda District,1,2,old,newly renovated,0
98900,49,2,1,1,41.720101,44.7981016,Chugureti District,3,3,old,old renovation,1
362500,100,3,2,0,41.70469575,44.73943684,Vake District,6,22,new,newly renovated,0
556900,119,3,2,1,41.71264319,44.74398187,Vake District,8,19,new,newly renovated,1
168100,60,2,1,0,41.7225584,44.7761284,Saburtalo District,1,5,old,old renovation,0
181200,30,2,1,0,41.7040297,44.7902278,Mtatsminda District,2,5,new,newly renovated,0
154200,67,3,2,0,41.7903068,44.7593516,Saburtalo District,4,10,new,newly renovated,1
543700,170,4,3,0,41.73188365,44.8368763,Other,5,6,new,newly renovated,1
85700,45,2,1,1,41.701199,44.85408554,Isani District,1,9,old,old renovation,0
128500,52,2,1,0,41.7245209,44.7537885,Saburtalo District,1,9,old,old renovation,0
135000,54,1,1,0,41.6828831,44.8238154,Krtsanisi District,5,11,construct,white frame,1
313000,86,3,2,1,41.7223038,44.78088,Saburtalo District,11,15,new,newly renovated,1
154900,46,2,1,1,41.7210455,44.7405122,Saburtalo District,3,9,new,newly renovated,1
135100,38,2,1,0,41.7245209,44.7537885,Saburtalo District,14,15,new,newly renovated,1
146600,57,2,1,0,41.7217547,44.720354,Saburtalo District,2,5,old,old renovation,0
561900,196,4,3,1,41.7279282,44.7680255,Saburtalo District,13,14,new,newly renovated,1
224100,112,3,2,0,41.7054409,44.8072665,Chugureti District,6,6,old,newly renovated,1
174600,81,3,2,0,41.7650026,44.77189605,Didube District,3,14,new,black frame,1
213500,54,2,1,0,41.7141725,44.7596077,Vake District,7,17,construction,white frame,1
85700,39,1,0,0,41.7903068,44.7593516,Saburtalo District,5,11,new,white frame,0
296600,59,2,1,1,41.722811,44.7509454,Saburtalo District,11,21,new,newly renovated,1
355900,78,3,2,0,41.725203,44.7425619,Saburtalo District,13,16,new,newly renovated,1
166700,92,3,2,0,41.7903068,44.7593516,Saburtalo District,8,11,new,white frame,0
163100,90,3,2,0,41.7903068,44.7593516,Saburtalo District,9,11,new,white frame,0
378900,13400,3,2,0,41.707897,44.73169445,Vake District,10,10,new,white frame,0
138400,56,3,2,0,41.7494619,44.7808837,Nadzaladevi District,11,12,new,white frame,1
161500,51,2,1,0,41.73188365,44.8368763,Other,6,21,new,newly renovated,1
117000,53,3,2,0,42.03701125,44.94059376,Saburtalo District,10,11,new,newly renovated,1
458000,165,5,3,0,41.7081011,44.7696196,Vake District,12,14,new,newly renovated,1
148300,61,3,2,0,41.7903068,44.7593516,Saburtalo District,3,9,new,newly renovated,1
156500,60,3,2,0,41.73188365,44.8368763,Other,10,14,new,newly renovated,1
164800,65,2,1,0,41.7936113,44.7646308,Saburtalo District,12,14,new,newly renovated,1
1.17E+06,244,5,4,0,41.7081011,44.7696196,Vake District,12,17,new,newly renovated,1
64300,26,1,2,0,41.7954972,44.8190233,Gldani District,12,15,new,newly renovated,1
319600,145,4,2,1,41.7085479,44.76727,Vake District,1,6,old,old renovation,1
185900,57,2,1,0,41.7093734,44.7698209,Vake District,2,25,new,black frame,1
543700,160,5,3,0,41.7081011,44.7696196,Vake District,5,14,new,white frame,1
163100,62,2,1,1,41.707897,44.73169445,Vake District,8,14,new,newly renovated,1
110400,42,2,1,0,41.7858421,44.7558155,Saburtalo District,6,9,new,newly renovated,1
115300,42,2,1,0,41.73188365,44.8368763,Other,3,17,new,newly renovated,1
154900,68.25,3,1,0,41.73013509,44.73279536,Vake District,16,17,old,newly renovated,1
138400,72,3,2,0,41.73359825,44.72603041,Vake District,2,16,old,not renovated,0
68500,36.5,1,1,0,41.7076296,44.85112081,Isani District,7,12,new,white frame,1
118600,88,5,3,0,41.69376175,44.92609103,Samgori District,5,5,old,old renovation,1
337400,128,3,2,0,41.7224121,44.7720785,Saburtalo District,13,15,construction,white frame,1
128500,60,3,2,0,41.7903068,44.7593516,Saburtalo District,8,8,new,newly renovated,0
163100,67,3,2,0,41.7918749,44.7553665,Saburtalo District,6,9,new,newly renovated,1
270200,75,3,2,1,41.7357001,44.77002,Saburtalo District,2,9,new,newly renovated,1
128500,40,2,1,1,41.7098352,44.7730487,Vake District,13,13,new,newly renovated,1
856700,100,3,2,1,41.7087786,44.7646793,Vake District,2,9,new,newly renovated,1
105400,75,3,3,0,41.828287,44.7621233,Gldani District,5,9,old,not renovated,0
187800,64,3,2,1,41.73359825,44.72603041,Vake District,6,10,new,newly renovated,1
551600,186,5,3,0,41.72604375,44.73645416,Saburtalo District,9,15,new,green frame,1
494300,150,5,4,1,41.72250295,44.78091985,Saburtalo District,16,18,new,newly renovated,0
296600,100,3,2,0,41.704006,44.7990579,Krtsanisi District,0,2,old,old renovation,1
306400,105.9,4,3,0,41.7245209,44.7537885,Saburtalo District,3,9,new,newly renovated,0
154900,45,2,1,0,41.7282966,44.862883,Other,2,1,old,old renovation,1
112000,46,2,1,0,41.7757895,44.7950346,Nadzaladevi District,14,14,new,newly renovated,0
110400,34,1,0,0,41.7245209,44.7537885,Saburtalo District,9,9,old,newly renovated,1
141700,39,1,1,0,41.7245209,44.7537885,Saburtalo District,11,11,new,newly renovated,1
458000,165,5,3,1,41.7013668,44.7687247,Vake District,12,14,new,newly renovated,1
181200,85,3,2,1,41.7659669,44.7925615,Nadzaladevi District,1,8,old,old renovation,1
120300,44,1,1,1,41.7245209,44.7537885,Saburtalo District,11,11,old,newly renovated,0
158200,44,2,1,0,41.7245209,44.7537885,Saburtalo District,4,9,old,newly renovated,1
247100,65,4,1,0,41.7240689,44.7299815,Saburtalo District,7,8,old,newly renovated,1
118600,35,2,1,1,41.7260323,44.7995087,Nadzaladevi District,3,12,new,newly renovated,1
112000,44,2,1,1,41.6988174,44.8818285,Samgori District,5,7,new,newly renovated,1
319600,105,4,3,0,41.7081011,44.7696196,Vake District,2,9,old,not renovated,1
128500,45,2,1,0,41.804092,44.7832957,Saburtalo District,3,11,new,newly renovated,1
626100,192,5,3,0,41.7081011,44.7696196,Vake District,4,11,new,newly renovated,1
2.90E+05,99,4,3,0,41.84520069,44.77575312,Saburtalo District,11,21,new,newly renovated,1
121900,48,2,1,1,41.7856281,44.8219953,Gldani District,2,10,new,newly renovated,1
128500,50,2,1,1,41.7856281,44.8219953,Gldani District,16,17,new,newly renovated,1
131800,50,2,1,0,41.718769,44.7069129,Saburtalo District,1,5,new,newly renovated,1
80700,31,1,1,0,41.7659669,44.7925615,Nadzaladevi District,1,6,old,newly renovated,0
156500,42,2,1,0,41.7206004,44.7232035,Saburtalo District,6,16,new,newly renovated,1
352600,105,4,3,1,41.7052106,44.7904878,Mtatsminda District,1,3,old,newly renovated,0
118600,46,2,1,1,41.78584113,44.75823434,Saburtalo District,8,10,new,newly renovated,1
188500,10400,3,2,0,41.73598289,44.8676466,Other,9,19,new,white frame,1
207600,58,3,2,0,41.7223038,44.78088,Saburtalo District,8,15,new,newly renovated,1
346000,135,4,3,1,41.7181579,44.7788031,Saburtalo District,10,12,new,newly renovated,1
273500,60,3,2,0,41.698209,44.8012526,Mtatsminda District,1,2,old,newly renovated,0
461300,130,4,3,0,41.6964053,44.7938526,Mtatsminda District,1,3,old,old renovation,0
230700,97,4,2,1,41.7511564,44.7917834,Nadzaladevi District,3,8,new,newly renovated,1
154900,45,2,1,1,41.7172959,44.7752025,Saburtalo District,12,14,new,newly renovated,1
141700,70,3,2,0,41.73359825,44.72603041,Vake District,1,14,old,old renovation,1
99800,50.07,2,2,0,41.6988174,44.8818285,Samgori District,8,11,construction,white frame,1
174600,50,2,1,0,41.7206004,44.7232035,Saburtalo District,5,21,new,newly renovated,0
438200,86,3,2,0,41.6710145,44.8418127,Krtsanisi District,10,14,new,newly renovated,1
263600,90,4,3,1,41.73262986,44.772346,Saburtalo District,9,9,old,under renovation,0
316300,100,3,2,0,41.7205546,44.7676099,Saburtalo District,6,8,old,newly renovated,1
688700,135,3,2,0,41.712693,44.7480067,Vake District,10,14,new,newly renovated,1
316300,92,4,2,1,41.725054,44.7545015,Saburtalo District,6,10,new,newly renovated,1
187800,75,4,3,0,41.6883397,44.8325599,Isani District,9,9,old,old renovation,1
395400,120,3,2,0,41.7093734,44.7698209,Vake District,5,8,new,old renovation,1
378900,12000,4,3,0,41.7013668,44.7687247,Vake District,9,13,new,newly renovated,1
428400,101,3,2,0,41.722811,44.7509454,Saburtalo District,8,12,new,newly renovated,1
408600,80,3,2,0,41.6828831,44.8238154,Krtsanisi District,10,14,new,newly renovated,1
161500,61,2,1,0,41.7266037,44.729069,Saburtalo District,14,16,old,newly renovated,0
204300,110,4,3,0,41.6761108,44.8481344,Isani District,9,9,old,newly renovated,1
85700,37,2,2,1,41.7963683,44.8145845,Gldani District,6,9,new,newly renovated,1
560200,187,6,3,0,41.7357001,44.77002,Saburtalo District,9,9,old,newly renovated,1
128500,64,3,2,0,41.6870537,44.87979,Samgori District,9,16,new,white frame,1
167700,54.8,2,1,0,41.73359825,44.72603041,Vake District,8,16,new,newly renovated,1
626100,132,4,3,1,41.73188365,44.8368763,Other,14,17,new,newly renovated,1
835300,180,5,4,1,41.71864115,44.76503201,Saburtalo District,15,15,new,newly renovated,1
171300,43,2,1,1,41.7206103,44.7106871,Saburtalo District,3,4,new,newly renovated,1
823800,175,5,4,0,41.6905169,44.7980186,Mtatsminda District,1,5,old,old renovation,0
168100,57.3,3,2,0,41.7364242,44.7822534,Didube District,3,10,new,newly renovated,1
148300,70,3,1,0,41.7903068,44.7593516,Saburtalo District,8,10,new,newly renovated,1
163100,67,3,2,0,41.6983634,44.8487393,Isani District,5,18,new,newly renovated,1
988500,200,5,4,0,41.7245209,44.7537885,Saburtalo District,12,16,new,newly renovated,1
494300,158,5,4,1,41.7255482,44.7445817,Saburtalo District,2,6,new,newly renovated,1
494300,107,3,2,1,41.70703,44.7859759,Mtatsminda District,4,5,new,newly renovated,1
131800,55,3,2,1,41.7903068,44.7593516,Saburtalo District,3,6,new,newly renovated,1
105400,33,1,1,1,41.726067,44.7349385,Saburtalo District,3,5,old,old renovation,0
220800,69,3,2,0,41.72753721,44.77821269,Saburtalo District,8,9,new,newly renovated,0
230700,86,3,0,0,41.72981255,44.73330339,Vake District,3,6,new,newly renovated,0
283400,75,3,2,1,41.7245209,44.7537885,Saburtalo District,13,15,new,newly renovated,1
136700,56,3,2,0,41.7954972,44.8190233,Gldani District,12,15,new,newly renovated,1
148300,43,2,1,1,41.7245209,44.7537885,Saburtalo District,9,10,new,newly renovated,1
108700,33,2,1,1,41.7245209,44.7537885,Saburtalo District,9,10,new,newly renovated,1
163100,45,2,1,1,41.7309687,44.7564179,Saburtalo District,2,10,new,newly renovated,0
29700,17,1,1,0,41.76243176,44.80761855,Nadzaladevi District,3,3,old,newly renovated,0
79100,42.83,2,1,1,41.7026572,44.8104008,Chugureti District,1,1,old,old renovation,0
148300,50,2,1,1,41.7206103,44.7106871,Saburtalo District,2,7,new,newly renovated,1
237200,73,4,2,1,41.7245209,44.7537885,Saburtalo District,12,12,new,newly renovated,1
339400,177,6,4,0,41.72268897,44.77335395,Saburtalo District,5,9,old,old renovation,1
492600,150,4,3,0,41.7027453,44.78325968,Mtatsminda District,1,2,old,old renovation,1
229000,79,3,2,0,41.7245209,44.7537885,Saburtalo District,3,12,new,green frame,0
88500,56,2,1,0,41.79052509,44.82205911,Gldani District,5,8,construction,white frame,1
385500,137,4,3,0,41.707897,44.73169445,Vake District,3,7,new,newly renovated,1
197700,47,1,0,0,41.73188365,44.8368763,Other,6,7,old,newly renovated,0
192800,83.5,3,2,0,41.7329497,44.7893339,Didube District,2,10,new,white frame,1
220800,75,2,1,0,41.7245209,44.7537885,Saburtalo District,7,9,old,newly renovated,0
163000,72.1,3,2,0,41.6847024,44.8546818,Isani District,11,13,Construction,black frame,1
174600,88,4,3,0,41.7245209,44.7537885,Saburtalo District,2,17,new,under renovation,1
95600,50,2,1,0,41.6888026,44.8784891,Samgori District,3,9,old,newly renovated,1
168100,55.2,2,0,0,41.7954972,44.8190233,Gldani District,11,14,new,newly renovated,0
125200,40,2,0,0,41.73188365,44.8368763,Other,14,17,new,newly renovated,0
461300,192,4,3,0,41.72981255,44.73330339,Vake District,10,11,new,newly renovated,0
130200,60,2,0,0,41.73188365,44.8368763,Other,5,11,old,not renovated,0
141700,60,2,1,1,41.7903068,44.7593516,Saburtalo District,10,10,new,newly renovated,1
207600,80,3,2,1,41.7903068,44.7593516,Saburtalo District,9,9,new,newly renovated,1
362500,89,3,2,1,41.73188365,44.8368763,Other,8,11,new,newly renovated,1
207600,72,3,2,0,41.73188365,44.8368763,Other,4,11,new,white frame,0
461300,172,3,2,0,41.7103615,44.7284963,Vake District,9,16,new,newly renovated,1
362500,142,5,3,1,41.7172959,44.7752025,Saburtalo District,6,6,new,newly renovated,1
283400,102,3,2,0,41.7243775,44.7671879,Saburtalo District,2,8,old,newly renovated,0
140000,60,2,1,0,41.7918749,44.7553665,Saburtalo District,7,7,new,newly renovated,0
510700,164,4,3,1,41.7245209,44.7537885,Saburtalo District,6,14,new,newly renovated,1
385500,136,4,3,0,41.7081011,44.7696196,Vake District,3,9,new,newly renovated,1
543700,153,4,3,1,41.7205546,44.7676099,Saburtalo District,6,9,new,newly renovated,1
149900,83,3,2,0,41.7936113,44.7646308,Saburtalo District,12,18,new,black frame,1
257000,83,3,2,0,41.7081011,44.7696196,Vake District,3,21,construction,white frame,1
257000,83,3,2,1,41.7141725,44.7596077,Vake District,4,25,construction,white frame,0
257000,83,2,1,0,41.7081011,44.7696196,Vake District,4,25,Constructor,white frame,1
125200,38,2,1,0,41.7903068,44.7593516,Saburtalo District,14,21,new,newly renovated,1
402000,124,4,3,0,41.7307343,44.7439254,Saburtalo District,4,6,new,under renovation,1
240500,91,3,2,0,41.725203,44.7425619,Saburtalo District,7,8,old,newly renovated,1
120300,54,2,1,0,41.7206103,44.7106871,Saburtalo District,2,5,new,white frame,0
346000,120,4,3,1,41.7124996,44.7951604,Chugureti District,4,2,old,old renovation,1
115300,50,2,1,1,41.7525745,44.7636671,Saburtalo District,9,9,old,newly renovated,1
191100,60,2,1,0,41.7245209,44.7537885,Saburtalo District,2,8,old,old renovation,1
411900,120,5,3,1,41.7607336,44.77229274,Didube District,5,14,old,old renovation,0
207600,83,3,2,1,41.7335333,44.798583,Nadzaladevi District,11,15,new,newly renovated,1
79100,25,1,1,1,41.73188365,44.8368763,Other,3,3,new,newly renovated,0
214200,82,3,2,0,41.7903068,44.7593516,Saburtalo District,9,11,new,newly renovated,1
154900,107,4,3,0,41.6929664,44.8670016,Samgori District,1,9,old,newly renovated,0
642500,150,5,3,0,41.7033482,44.8068014,Chugureti District,1,2,old,old renovation,0
59300,20,1,1,1,41.7390529,44.7736615,Didube District,1,3,old,old renovation,0
327900,31.34,1,1,1,41.71241005,44.74556743,Vake District,22,23,new,white frame,1
158200,110,4,3,1,41.7856281,44.8219953,Gldani District,8,9,old,newly renovated,1
1548700,220,4,2,0,41.71019423,44.7537954,Vake District,4,8,new,newly renovated,1
128500,51,2,1,1,41.7335333,44.798583,Nadzaladevi District,11,15,new,newly renovated,1
125600,72.2,3,2,0,41.78581509,44.76293014,Saburtalo District,6,11,new,black frame,1
95700,58.7,2,1,0,41.78579006,44.76281645,Saburtalo District,5,11,construction,black frame,1
107900,62,2,1,0,41.78579097,44.76269835,Saburtalo District,5,11,new,black frame,1
768400,150,4,3,1,41.7013668,44.7687247,Vake District,2,8,new,newly renovated,1
357500,62,2,1,0,41.7857677,44.76267676,Saburtalo District,6,11,new,black frame,1
342700,100,3,2,1,41.720015,44.7407348,Saburtalo District,3,5,new,newly renovated,1
113400,68.3,2,1,0,41.7914713,44.67241249,Saburtalo District,2,8,new,black frame,1
95600,42,2,1,0,41.6887569,44.8909178,Samgori District,3,9,new,newly renovated,1
346000,70,2,1,1,41.7117382,44.7928453,Chugureti District,5,7,old,newly renovated,1
171300,45,2,1,1,41.7297185,44.7685213,Saburtalo District,3,6,old,newly renovated,1
274200,64,3,2,1,41.7249652,44.7765248,Saburtalo District,16,22,new,newly renovated,0
112000,47,2,0,1,41.7210455,44.7405122,Saburtalo District,1,7,new,newly renovated,0
543700,130,4,3,1,41.707897,44.73169445,Vake District,5,11,new,newly renovated,1
191100,42,1,1,0,41.722811,44.7509454,Saburtalo District,2,21,new,newly renovated,1
889700,141,4,3,1,41.7063018,44.7832448,Mtatsminda District,5,7,new,newly renovated,1
